COUNTY ID,COUNTY NAME,CONSTITUENCY ID,CONSTITUENCY NAME,WARD ID,WARD NAME
1,MOMBASA,1,CHANGAMWE,1,PORT REITZ
1,MOMBASA,1,CHANGAMWE,2,KIPEVU
1,MOMBASA,1,CHANGAMWE,3,AIRPORT
1,MOMBASA,1,CHANGAMWE,4,CHANGAMWE
1,MOMBASA,1,CHANGAMWE,5,CHAANI
1,MOMBASA,2,JOMVU,6,JOMVU KUU
1,MOMBASA,2,JOMVU,7,MIRITINI
1,MOMBASA,2,JOMVU,8,MIKINDANI
1,MOMBASA,3,KISAUNI,9,MJAMBERE
1,MOMBASA,3,KISAUNI,10,JUNDA
1,MOMBASA,3,KISAUNI,11,BAMBURI
1,MOMBASA,3,KISAUNI,12,MWAKIRUNGE
1,MOMBASA,3,KISAUNI,13,MTOPANGA
1,MOMBASA,3,KISAUNI,14,MAGOGONI
1,MOMBASA,3,KISAUNI,15,SHANZU
1,MOMBASA,4,NYALI,16,FRERE TOWN
1,MOMBASA,4,NYALI,17,ZIWA LA NG'OMBE
1,MOMBASA,4,NYALI,18,MKOMANI
1,MOMBASA,4,NYALI,19,KONGOWEA
1,MOMBASA,4,NYALI,20,KADZANDANI
1,MOMBASA,5,LIKONI,21,MTONGWE
1,MOMBASA,5,LIKONI,22,SHIKA ADABU
1,MOMBASA,5,LIKONI,23,BOFU
1,MOMBASA,5,LIKONI,24,LIKONI
1,MOMBASA,5,LIKONI,25,TIMBWANI
1,MOMBASA,6,MVITA,26,MJI WA KALE/MAKADARA
1,MOMBASA,6,MVITA,27,TUDOR
1,MOMBASA,6,MVITA,28,TONONOKA
1,MOMBASA,6,MVITA,29,SHIMANZI/GANJONI
1,MOMBASA,6,MVITA,30,MAJENGO
2,KWALE,7,MSAMBWENI,31,GOMBATOBONGWE
2,KWALE,7,MSAMBWENI,32,UKUNDA
2,KWALE,7,MSAMBWENI,33,KINONDO
2,KWALE,7,MSAMBWENI,34,RAMISI
2,KWALE,8,LUNGALUNGA,35,PONGWEKIKONENI
2,KWALE,8,LUNGALUNGA,36,DZOMBO
2,KWALE,8,LUNGALUNGA,37,MWERENI
2,KWALE,8,LUNGALUNGA,38,VANGA
2,KWALE,9,MATUGA,39,TSIMBA GOLINI
2,KWALE,9,MATUGA,40,WAA
2,KWALE,9,MATUGA,41,TIWI
2,KWALE,9,MATUGA,42,KUBO SOUTH
2,KWALE,9,MATUGA,43,MKONGANI
2,KWALE,10,KINANGO,44,NADAVAYA
2,KWALE,10,KINANGO,45,PUMA
2,KWALE,10,KINANGO,46,KINANGO
2,KWALE,10,KINANGO,47,MACKINNON-ROAD
2,KWALE,10,KINANGO,48,CHENGONI/SAMBURU
2,KWALE,10,KINANGO,49,MWAVUMBO
2,KWALE,10,KINANGO,50,KASEMENI
3,KILIFI,11,KILIFI NORTH,51,TEZO
3,KILIFI,11,KILIFI NORTH,52,SOKONI
3,KILIFI,11,KILIFI NORTH,53,KIBARANI
3,KILIFI,11,KILIFI NORTH,54,DABASO
3,KILIFI,11,KILIFI NORTH,55,MATSANGONI
3,KILIFI,11,KILIFI NORTH,56,WATAMU
3,KILIFI,11,KILIFI NORTH,57,MNARANI
3,KILIFI,12,KILIFI SOUTH,58,JUNJU
3,KILIFI,12,KILIFI SOUTH,59,MWARAKAYA
3,KILIFI,12,KILIFI SOUTH,60,SHIMO LA TEWA
3,KILIFI,12,KILIFI SOUTH,61,CHASIMBA
3,KILIFI,12,KILIFI SOUTH,62,MTEPENI
3,KILIFI,13,KALOLENI,63,MARIAKANI
3,KILIFI,13,KALOLENI,64,KAYAFUNGO
3,KILIFI,13,KALOLENI,65,KALOLENI
3,KILIFI,13,KALOLENI,66,MWANAMWINGA
3,KILIFI,14,RABAI,67,MWAWESA
3,KILIFI,14,RABAI,68,RURUMA
3,KILIFI,14,RABAI,69,KAMBE/RIBE
3,KILIFI,14,RABAI,70,RABAI/KISURUTINI
3,KILIFI,15,GANZE,71,GANZE
3,KILIFI,15,GANZE,72,BAMBA
3,KILIFI,15,GANZE,73,JARIBUNI
3,KILIFI,15,GANZE,74,SOKOKE
3,KILIFI,16,MALINDI,75,JILORE
3,KILIFI,16,MALINDI,76,KAKUYUNI
3,KILIFI,16,MALINDI,77,GANDA
3,KILIFI,16,MALINDI,78,MALINDI TOWN
3,KILIFI,16,MALINDI,79,SHELLA
3,KILIFI,17,MAGARINI,80,MARAFA
3,KILIFI,17,MAGARINI,81,MAGARINI
3,KILIFI,17,MAGARINI,82,GONGONI
3,KILIFI,17,MAGARINI,83,ADU
3,KILIFI,17,MAGARINI,84,GARASHI
3,KILIFI,17,MAGARINI,85,SABAKI
4,TANA RIVER,18,GARSEN,86,KIPINI EAST
4,TANA RIVER,18,GARSEN,87,GARSEN SOUTH
4,TANA RIVER,18,GARSEN,88,KIPINI WEST
4,TANA RIVER,18,GARSEN,89,GARSEN CENTRAL
4,TANA RIVER,18,GARSEN,90,GARSEN WEST
4,TANA RIVER,18,GARSEN,91,GARSEN NORTH
4,TANA RIVER,19,GALOLE,92,KINAKOMBA
4,TANA RIVER,19,GALOLE,93,MIKINDUNI
4,TANA RIVER,19,GALOLE,94,CHEWANI
4,TANA RIVER,19,GALOLE,95,WAYU
4,TANA RIVER,20,BURA,96,CHEWELE
4,TANA RIVER,20,BURA,97,BURA
4,TANA RIVER,20,BURA,98,BANGALE
4,TANA RIVER,20,BURA,99,SALA
4,TANA RIVER,20,BURA,100,MADOGO
5,LAMU,21,LAMU EAST,101,FAZA
5,LAMU,21,LAMU EAST,102,KIUNGA
5,LAMU,21,LAMU EAST,103,BASUBA
5,LAMU,22,LAMU WEST,104,SHELLA
5,LAMU,22,LAMU WEST,105,MKOMANI
5,LAMU,22,LAMU WEST,106,HINDI
5,LAMU,22,LAMU WEST,107,MKUNUMBI
5,LAMU,22,LAMU WEST,108,HONGWE
5,LAMU,22,LAMU WEST,109,WITU
5,LAMU,22,LAMU WEST,110,BAHARI
6,TAITA TAVETA,23,TAVETA,111,CHALA
6,TAITA TAVETA,23,TAVETA,112,MAHOO
6,TAITA TAVETA,23,TAVETA,113,BOMENI
6,TAITA TAVETA,23,TAVETA,114,MBOGHONI
6,TAITA TAVETA,23,TAVETA,115,MATA
6,TAITA TAVETA,24,WUNDANYI,116,WUNDANYI/MBALE
6,TAITA TAVETA,24,WUNDANYI,117,WERUGHA
6,TAITA TAVETA,24,WUNDANYI,118,WUMINGU/KISHUSHE
6,TAITA TAVETA,24,WUNDANYI,119,MWANDA/MGANGE
6,TAITA TAVETA,25,MWATATE,120,RONG'E
6,TAITA TAVETA,25,MWATATE,121,MWATATE
6,TAITA TAVETA,25,MWATATE,122,BURA
6,TAITA TAVETA,25,MWATATE,123,CHAWIA
6,TAITA TAVETA,25,MWATATE,124,WUSI/KISHAMBA
6,TAITA TAVETA,26,VOI,125,MBOLOLO
6,TAITA TAVETA,26,VOI,126,SAGALLA
6,TAITA TAVETA,26,VOI,127,KALOLENI
6,TAITA TAVETA,26,VOI,128,MARUNGU
6,TAITA TAVETA,26,VOI,129,KASIGAU
6,TAITA TAVETA,26,VOI,130,NGOLIA
7,GARISSA,27,GARISSA TOWNSHIP,131,WABERI
7,GARISSA,27,GARISSA TOWNSHIP,132,GALBET
7,GARISSA,27,GARISSA TOWNSHIP,133,TOWNSHIP
7,GARISSA,27,GARISSA TOWNSHIP,134,IFTIN
7,GARISSA,28,BALAMBALA,135,BALAMBALA
7,GARISSA,28,BALAMBALA,136,DANYERE
7,GARISSA,28,BALAMBALA,137,JARA JARA
7,GARISSA,28,BALAMBALA,138,SAKA
7,GARISSA,28,BALAMBALA,139,SANKURI
7,GARISSA,29,LAGDERA,140,MODOGASHE
7,GARISSA,29,LAGDERA,141,BENANE
7,GARISSA,29,LAGDERA,142,GOREALE
7,GARISSA,29,LAGDERA,143,MAALIMIN
7,GARISSA,29,LAGDERA,144,SABENA
7,GARISSA,29,LAGDERA,145,BARAKI
7,GARISSA,30,DADAAB,146,DERTU
7,GARISSA,30,DADAAB,147,DADAAB
7,GARISSA,30,DADAAB,148,LABASIGALE
7,GARISSA,30,DADAAB,149,DAMAJALE
7,GARISSA,30,DADAAB,150,LIBOI
7,GARISSA,30,DADAAB,151,ABAKAILE
7,GARISSA,31,FAFI,152,BURA
7,GARISSA,31,FAFI,153,DEKAHARIA
7,GARISSA,31,FAFI,154,JARAJILA
7,GARISSA,31,FAFI,155,FAFI
7,GARISSA,31,FAFI,156,NANIGHI
7,GARISSA,32,IJARA,157,HULUGHO
7,GARISSA,32,IJARA,158,SANGAILU
7,GARISSA,32,IJARA,159,IJARA
7,GARISSA,32,IJARA,160,MASALANI
8,WAJIR,33,WAJIR NORTH,161,GURAR
8,WAJIR,33,WAJIR NORTH,162,BUTE
8,WAJIR,33,WAJIR NORTH,163,KORONDILE
8,WAJIR,33,WAJIR NORTH,164,MALKAGUFU
8,WAJIR,33,WAJIR NORTH,165,BATALU
8,WAJIR,33,WAJIR NORTH,166,DANABA
8,WAJIR,33,WAJIR NORTH,167,GODOMA
8,WAJIR,34,WAJIR EAST,168,WAGBERI
8,WAJIR,34,WAJIR EAST,169,TOWNSHIP
8,WAJIR,34,WAJIR EAST,170,BARWAGO
8,WAJIR,34,WAJIR EAST,171,KHOROF/HARAR
8,WAJIR,35,TARBAJ,172,ELBEN
8,WAJIR,35,TARBAJ,173,SARMAN
8,WAJIR,35,TARBAJ,174,TARBAJ
8,WAJIR,35,TARBAJ,175,WARGADUD
8,WAJIR,36,WAJIR WEST,176,ARBAJAHAN
8,WAJIR,36,WAJIR WEST,177,HADADO/ATHIBOHOL
8,WAJIR,36,WAJIR WEST,178,ADEMASAJIDE
8,WAJIR,36,WAJIR WEST,179,WAGALLA/GANYURE
8,WAJIR,37,ELDAS,180,ELDAS
8,WAJIR,37,ELDAS,181,DELLA
8,WAJIR,37,ELDAS,182,LAKOLEY SOUTH/BASIR
8,WAJIR,37,ELDAS,183,ELNUR/TULA TULA
8,WAJIR,38,WAJIR SOUTH,184,BENANE
8,WAJIR,38,WAJIR SOUTH,185,BURDER
8,WAJIR,38,WAJIR SOUTH,186,DADAJA BULLA
8,WAJIR,38,WAJIR SOUTH,187,HABASSWEIN
8,WAJIR,38,WAJIR SOUTH,188,LAGBOGHOL SOUTH
8,WAJIR,38,WAJIR SOUTH,189,IBRAHIM URE
8,WAJIR,38,WAJIR SOUTH,190,DIIF
9,MANDERA,39,MANDERA WEST,191,TAKABA SOUTH
9,MANDERA,39,MANDERA WEST,192,TAKABA
9,MANDERA,39,MANDERA WEST,193,LAG SURE
9,MANDERA,39,MANDERA WEST,194,DANDU
9,MANDERA,39,MANDERA WEST,195,GITHER
9,MANDERA,40,BANISSA,196,BANISSA
9,MANDERA,40,BANISSA,197,DERKHALE
9,MANDERA,40,BANISSA,198,GUBA
9,MANDERA,40,BANISSA,199,MALKAMARI
9,MANDERA,40,BANISSA,200,KILIWEHIRI
9,MANDERA,41,MANDERA NORTH,201,ASHABITO
9,MANDERA,41,MANDERA NORTH,202,GUTICHA
9,MANDERA,41,MANDERA NORTH,203,MOROTHILE
9,MANDERA,41,MANDERA NORTH,204,RHAMU
9,MANDERA,41,MANDERA NORTH,205,RHAMU-DIMTU
9,MANDERA,42,MANDERA SOUTH,206,WARGUDUD
9,MANDERA,42,MANDERA SOUTH,207,KUTULO
9,MANDERA,42,MANDERA SOUTH,208,ELWAK SOUTH
9,MANDERA,42,MANDERA SOUTH,209,ELWAK NORTH
9,MANDERA,42,MANDERA SOUTH,210,SHIMBIR FATUMA
9,MANDERA,43,MANDERA EAST,211,ARABIA
9,MANDERA,43,MANDERA EAST,212,BULLA MPYA
9,MANDERA,43,MANDERA EAST,213,KHALALIO
9,MANDERA,43,MANDERA EAST,214,NEBOI
9,MANDERA,43,MANDERA EAST,215,TOWNSHIP
9,MANDERA,44,LAFEY,216,LIBEHIA
9,MANDERA,44,LAFEY,217,FINO
9,MANDERA,44,LAFEY,218,LAFEY
9,MANDERA,44,LAFEY,219,WARANKARA
9,MANDERA,44,LAFEY,220,ALUNGO GOF
10,MARSABIT,45,MOYALE,221,BUTIYE
10,MARSABIT,45,MOYALE,222,SOLOLO
10,MARSABIT,45,MOYALE,223,HEILU-MANYATTA
10,MARSABIT,45,MOYALE,224,GOLBO
10,MARSABIT,45,MOYALE,225,MOYALE TOWNSHIP
10,MARSABIT,45,MOYALE,226,URAN
10,MARSABIT,45,MOYALE,227,OBBU
10,MARSABIT,46,NORTH HORR,228,ILLERET
10,MARSABIT,46,NORTH HORR,229,NORTH HORR
10,MARSABIT,46,NORTH HORR,230,DUKANA
10,MARSABIT,46,NORTH HORR,231,MAIKONA
10,MARSABIT,46,NORTH HORR,232,TURBI
10,MARSABIT,47,SAKU,233,SAGANTE/JALDESA
10,MARSABIT,47,SAKU,234,KARARE
10,MARSABIT,47,SAKU,235,MARSABIT CENTRAL
10,MARSABIT,48,LAISAMIS,236,LOIYANGALANI
10,MARSABIT,48,LAISAMIS,237,KARGI/SOUTH HORR
10,MARSABIT,48,LAISAMIS,238,KORR/NGURUNIT
10,MARSABIT,48,LAISAMIS,239,LOG LOGO
10,MARSABIT,48,LAISAMIS,240,LAISAMIS
11,ISIOLO,49,ISIOLO NORTH,241,WABERA
11,ISIOLO,49,ISIOLO NORTH,242,BULLA PESA
11,ISIOLO,49,ISIOLO NORTH,243,CHARI
11,ISIOLO,49,ISIOLO NORTH,244,CHERAB
11,ISIOLO,49,ISIOLO NORTH,245,NGARE MARA
11,ISIOLO,49,ISIOLO NORTH,246,BURAT
11,ISIOLO,49,ISIOLO NORTH,247,OLDONYIRO
11,ISIOLO,50,ISIOLO SOUTH,248,GARBATULLA
11,ISIOLO,50,ISIOLO SOUTH,249,KINNA
11,ISIOLO,50,ISIOLO SOUTH,250,SERICHO
12,MERU,51,IGEMBE SOUTH,251,MAUA
12,MERU,51,IGEMBE SOUTH,252,KIEGOI/ANTUBOCHIU
12,MERU,51,IGEMBE SOUTH,253,ATHIRU GAITI
12,MERU,51,IGEMBE SOUTH,254,AKACHIU
12,MERU,51,IGEMBE SOUTH,255,KANUNI
12,MERU,52,IGEMBE CENTRAL,256,AKIRANG'ONDU
12,MERU,52,IGEMBE CENTRAL,257,ATHIRU RUUJINE
12,MERU,52,IGEMBE CENTRAL,258,IGEMBE EAST
12,MERU,52,IGEMBE CENTRAL,259,NJIA
12,MERU,52,IGEMBE CENTRAL,260,KANGETA
12,MERU,53,IGEMBE NORTH,261,ANTUAMBUI
12,MERU,53,IGEMBE NORTH,262,NTUNENE
12,MERU,53,IGEMBE NORTH,263,ANTUBETWE KIONGO
12,MERU,53,IGEMBE NORTH,264,NAATHU
12,MERU,53,IGEMBE NORTH,265,AMWATHI
12,MERU,54,TIGANIA WEST,266,ATHWANA
12,MERU,54,TIGANIA WEST,267,AKITHII
12,MERU,54,TIGANIA WEST,268,KIANJAI
12,MERU,54,TIGANIA WEST,269,NKOMO
12,MERU,54,TIGANIA WEST,270,MBEU
12,MERU,55,TIGANIA EAST,271,THANGATHA
12,MERU,55,TIGANIA EAST,272,MIKINDURI
12,MERU,55,TIGANIA EAST,273,KIGUCHWA
12,MERU,55,TIGANIA EAST,274,MUTHARA
12,MERU,55,TIGANIA EAST,275,KARAMA
12,MERU,56,NORTH IMENTI,276,MUNICIPALITY
12,MERU,56,NORTH IMENTI,277,NTIMA EAST
12,MERU,56,NORTH IMENTI,278,NTIMA WEST
12,MERU,56,NORTH IMENTI,279,NYAKI WEST
12,MERU,56,NORTH IMENTI,280,NYAKI EAST
12,MERU,57,BUURI,281,TIMAU
12,MERU,57,BUURI,282,KISIMA
12,MERU,57,BUURI,283,KIIRUA/NAARI
12,MERU,57,BUURI,284,RUIRI/RWARERA
12,MERU,57,BUURI,285,KIBIRICHIA
12,MERU,58,CENTRAL IMENTI,286,MWANGANTHIA
12,MERU,58,CENTRAL IMENTI,287,ABOTHUGUCHI CENTRAL
12,MERU,58,CENTRAL IMENTI,288,ABOTHUGUCHI WEST
12,MERU,58,CENTRAL IMENTI,289,KIAGU
12,MERU,59,SOUTH IMENTI,290,MITUNGUU
12,MERU,59,SOUTH IMENTI,291,IGOJI EAST
12,MERU,59,SOUTH IMENTI,292,IGOJI WEST
12,MERU,59,SOUTH IMENTI,293,ABOGETA EAST
12,MERU,59,SOUTH IMENTI,294,ABOGETA WEST
12,MERU,59,SOUTH IMENTI,295,NKUENE
13,THARAKA-NITHI,60,MAARA,296,MITHERU
13,THARAKA-NITHI,60,MAARA,297,MUTHAMBI
13,THARAKA-NITHI,60,MAARA,298,MWIMBI
13,THARAKA-NITHI,60,MAARA,299,GANGA
13,THARAKA-NITHI,60,MAARA,300,CHOGORIA
13,THARAKA-NITHI,61,CHUKA/IGAMBANG'OM,301,MARIANI
13,THARAKA-NITHI,61,CHUKA/IGAMBANG'OM,302,KARINGANI
13,THARAKA-NITHI,61,CHUKA/IGAMBANG'OM,303,MAGUMONI
13,THARAKA-NITHI,61,CHUKA/IGAMBANG'OM,304,MUGWE
13,THARAKA-NITHI,61,CHUKA/IGAMBANG'OM,305,IGAMBANG'OMBE
13,THARAKA-NITHI,62,THARAKA,306,GATUNGA
13,THARAKA-NITHI,62,THARAKA,307,MUKOTHIMA
13,THARAKA-NITHI,62,THARAKA,308,NKONDI
13,THARAKA-NITHI,62,THARAKA,309,CHIAKARIGA
13,THARAKA-NITHI,62,THARAKA,310,MARIMANTI
14,EMBU,63,MANYATTA,311,RUGURU/NGANDORI
14,EMBU,63,MANYATTA,312,KITHIMU
14,EMBU,63,MANYATTA,313,NGINDA
14,EMBU,63,MANYATTA,314,MBETI NORTH
14,EMBU,63,MANYATTA,315,KIRIMARI
14,EMBU,63,MANYATTA,316,GATURI SOUTH
14,EMBU,64,RUNYENJES,317,GATURI NORTH
14,EMBU,64,RUNYENJES,318,KAGAARI SOUTH
14,EMBU,64,RUNYENJES,319,CENTRAL  WARD
14,EMBU,64,RUNYENJES,320,KAGAARI NORTH
14,EMBU,64,RUNYENJES,321,KYENI NORTH
14,EMBU,64,RUNYENJES,322,KYENI SOUTH
14,EMBU,65,MBEERE SOUTH,323,MWEA
14,EMBU,65,MBEERE SOUTH,324,MAKIMA
14,EMBU,65,MBEERE SOUTH,325,MBETI SOUTH
14,EMBU,65,MBEERE SOUTH,326,MAVURIA
14,EMBU,65,MBEERE SOUTH,327,KIAMBERE
14,EMBU,66,MBEERE NORTH,328,NTHAWA
14,EMBU,66,MBEERE NORTH,329,MUMINJI
14,EMBU,66,MBEERE NORTH,330,EVURORE
15,KITUI,67,MWINGI NORTH,331,NGOMENI
15,KITUI,67,MWINGI NORTH,332,KYUSO
15,KITUI,67,MWINGI NORTH,333,MUMONI
15,KITUI,67,MWINGI NORTH,334,TSEIKURU
15,KITUI,67,MWINGI NORTH,335,THARAKA
15,KITUI,68,MWINGI WEST,336,KYOME/THAANA
15,KITUI,68,MWINGI WEST,337,NGUUTANI
15,KITUI,68,MWINGI WEST,338,MIGWANI
15,KITUI,68,MWINGI WEST,339,KIOMO/KYETHANI
15,KITUI,69,MWINGI CENTRAL,340,CENTRAL
15,KITUI,69,MWINGI CENTRAL,341,KIVOU
15,KITUI,69,MWINGI CENTRAL,342,NGUNI
15,KITUI,69,MWINGI CENTRAL,343,NUU
15,KITUI,69,MWINGI CENTRAL,344,MUI
15,KITUI,69,MWINGI CENTRAL,345,WAITA
15,KITUI,70,KITUI WEST,346,MUTONGUNI
15,KITUI,70,KITUI WEST,347,KAUWI
15,KITUI,70,KITUI WEST,348,MATINYANI
15,KITUI,70,KITUI WEST,349,KWA MUTONGA/KITHUMULA
15,KITUI,71,KITUI RURAL,350,KISASI
15,KITUI,71,KITUI RURAL,351,MBITINI
15,KITUI,71,KITUI RURAL,352,KWAVONZA/YATTA
15,KITUI,71,KITUI RURAL,353,KANYANGI
15,KITUI,72,KITUI CENTRAL,354,MIAMBANI
15,KITUI,72,KITUI CENTRAL,355,TOWNSHIP
15,KITUI,72,KITUI CENTRAL,356,KYANGWITHYA WEST
15,KITUI,72,KITUI CENTRAL,357,MULANGO
15,KITUI,72,KITUI CENTRAL,358,KYANGWITHYA EAST
15,KITUI,73,KITUI EAST,359,ZOMBE/MWITIKA
15,KITUI,73,KITUI EAST,360,CHULUNI
15,KITUI,73,KITUI EAST,361,NZAMBANI
15,KITUI,73,KITUI EAST,362,VOO/KYAMATU
15,KITUI,73,KITUI EAST,363,ENDAU/MALALANI
15,KITUI,73,KITUI EAST,364,MUTITO/KALIKU
15,KITUI,74,KITUI SOUTH,365,IKANGA/KYATUNE
15,KITUI,74,KITUI SOUTH,366,MUTOMO
15,KITUI,74,KITUI SOUTH,367,MUTHA
15,KITUI,74,KITUI SOUTH,368,IKUTHA
15,KITUI,74,KITUI SOUTH,369,KANZIKO
15,KITUI,74,KITUI SOUTH,370,ATHI
16,MACHAKOS,75,MASINGA,371,KIVAA
16,MACHAKOS,75,MASINGA,372,MASINGA CENTRAL
16,MACHAKOS,75,MASINGA,373,EKALAKALA
16,MACHAKOS,75,MASINGA,374,MUTHESYA
16,MACHAKOS,75,MASINGA,375,NDITHINI
16,MACHAKOS,76,YATTA,376,NDALANI
16,MACHAKOS,76,YATTA,377,MATUU
16,MACHAKOS,76,YATTA,378,KITHIMANI
16,MACHAKOS,76,YATTA,379,IKOMBE
16,MACHAKOS,76,YATTA,380,KATANGI
16,MACHAKOS,77,KANGUNDO,381,KANGUNDO NORTH
16,MACHAKOS,77,KANGUNDO,382,KANGUNDO CENTRAL
16,MACHAKOS,77,KANGUNDO,383,KANGUNDO EAST
16,MACHAKOS,77,KANGUNDO,384,KANGUNDO WEST
16,MACHAKOS,78,MATUNGULU,385,TALA
16,MACHAKOS,78,MATUNGULU,386,MATUNGULU NORTH
16,MACHAKOS,78,MATUNGULU,387,MATUNGULU EAST
16,MACHAKOS,78,MATUNGULU,388,MATUNGULU WEST
16,MACHAKOS,78,MATUNGULU,389,KYELENI
16,MACHAKOS,79,KATHIANI,390,MITABONI
16,MACHAKOS,79,KATHIANI,391,KATHIANI CENTRAL
16,MACHAKOS,79,KATHIANI,392,UPPER KAEWA/IVETI
16,MACHAKOS,79,KATHIANI,393,LOWER KAEWA/KAANI
16,MACHAKOS,80,MAVOKO,394,ATHI RIVER
16,MACHAKOS,80,MAVOKO,395,KINANIE
16,MACHAKOS,80,MAVOKO,396,MUTHWANI
16,MACHAKOS,80,MAVOKO,397,SYOKIMAU/MULOLONGO
16,MACHAKOS,81,MACHAKOS TOWN,398,KALAMA
16,MACHAKOS,81,MACHAKOS TOWN,399,MUA
16,MACHAKOS,81,MACHAKOS TOWN,400,MUTITUNI
16,MACHAKOS,81,MACHAKOS TOWN,401,MACHAKOS CENTRAL
16,MACHAKOS,81,MACHAKOS TOWN,402,MUMBUNI NORTH
16,MACHAKOS,81,MACHAKOS TOWN,403,MUVUTI/KIIMA-KIMWE
16,MACHAKOS,81,MACHAKOS TOWN,404,KOLA
16,MACHAKOS,82,MWALA,405,MBIUNI
16,MACHAKOS,82,MWALA,406,MAKUTANO/ MWALA
16,MACHAKOS,82,MWALA,407,MASII
16,MACHAKOS,82,MWALA,408,MUTHETHENI
16,MACHAKOS,82,MWALA,409,WAMUNYU
16,MACHAKOS,82,MWALA,410,KIBAUNI
17,MAKUENI,83,MBOONI,411,TULIMANI
17,MAKUENI,83,MBOONI,412,MBOONI
17,MAKUENI,83,MBOONI,413,KITHUNGO/KITUNDU
17,MAKUENI,83,MBOONI,414,KISAU/KITETA
17,MAKUENI,83,MBOONI,415,WAIA/KAKO
17,MAKUENI,83,MBOONI,416,KALAWA
17,MAKUENI,84,KILOME,417,KASIKEU
17,MAKUENI,84,KILOME,418,MUKAA
17,MAKUENI,84,KILOME,419,KIIMA KIU/KALANZONI
17,MAKUENI,85,KAITI,420,UKIA
17,MAKUENI,85,KAITI,421,KEE
17,MAKUENI,85,KAITI,422,KILUNGU
17,MAKUENI,85,KAITI,423,ILIMA
17,MAKUENI,86,MAKUENI,424,WOTE
17,MAKUENI,86,MAKUENI,425,MUVAU/KIKUUMINI
17,MAKUENI,86,MAKUENI,426,MAVINDINI
17,MAKUENI,86,MAKUENI,427,KITISE/KITHUKI
17,MAKUENI,86,MAKUENI,428,KATHONZWENI
17,MAKUENI,86,MAKUENI,429,NZAUI/KILILI/KALAMBA
17,MAKUENI,86,MAKUENI,430,MBITINI
17,MAKUENI,87,KIBWEZI WEST,431,MAKINDU
17,MAKUENI,87,KIBWEZI WEST,432,NGUUMO
17,MAKUENI,87,KIBWEZI WEST,433,KIKUMBULYU NORTH
17,MAKUENI,87,KIBWEZI WEST,434,KIKUMBULYU SOUTH
17,MAKUENI,87,KIBWEZI WEST,435,NGUU/MASUMBA
17,MAKUENI,87,KIBWEZI WEST,436,EMALI/MULALA
17,MAKUENI,88,KIBWEZI EAST,437,MASONGALENI
17,MAKUENI,88,KIBWEZI EAST,438,MTITO ANDEI
17,MAKUENI,88,KIBWEZI EAST,439,THANGE
17,MAKUENI,88,KIBWEZI EAST,440,IVINGONI/NZAMBANI
18,NYANDARUA,89,KINANGOP,441,ENGINEER
18,NYANDARUA,89,KINANGOP,442,GATHARA
18,NYANDARUA,89,KINANGOP,443,NORTH KINANGOP
18,NYANDARUA,89,KINANGOP,444,MURUNGARU
18,NYANDARUA,89,KINANGOP,445,NJABINI\KIBURU
18,NYANDARUA,89,KINANGOP,446,NYAKIO
18,NYANDARUA,89,KINANGOP,447,GITHABAI
18,NYANDARUA,89,KINANGOP,448,MAGUMU
18,NYANDARUA,90,KIPIPIRI,449,WANJOHI
18,NYANDARUA,90,KIPIPIRI,450,KIPIPIRI
18,NYANDARUA,90,KIPIPIRI,451,GETA
18,NYANDARUA,90,KIPIPIRI,452,GITHIORO
18,NYANDARUA,91,OL KALOU,453,KARAU
18,NYANDARUA,91,OL KALOU,454,KANJUIRI RIDGE
18,NYANDARUA,91,OL KALOU,455,MIRANGINE
18,NYANDARUA,91,OL KALOU,456,KAIMBAGA
18,NYANDARUA,91,OL KALOU,457,RURII
18,NYANDARUA,92,OL JOROK,458,GATHANJI
18,NYANDARUA,92,OL JOROK,459,GATIMU
18,NYANDARUA,92,OL JOROK,460,WERU
18,NYANDARUA,92,OL JOROK,461,CHARAGITA
18,NYANDARUA,93,NDARAGWA,462,LESHAU PONDO
18,NYANDARUA,93,NDARAGWA,463,KIRIITA
18,NYANDARUA,93,NDARAGWA,464,CENTRAL
18,NYANDARUA,93,NDARAGWA,465,SHAMATA
19,NYERI,94,TETU,466,DEDAN KIMANTHI
19,NYERI,94,TETU,467,WAMAGANA
19,NYERI,94,TETU,468,AGUTHI/GAAKI
19,NYERI,95,KIENI,469,MWEIGA
19,NYERI,95,KIENI,470,NAROMORU KIAMATHAGA
19,NYERI,95,KIENI,471,MWIYOGO/ENDARASHA
19,NYERI,95,KIENI,472,MUGUNDA
19,NYERI,95,KIENI,473,GATARAKWA
19,NYERI,95,KIENI,474,THEGU RIVER
19,NYERI,95,KIENI,475,KABARU
19,NYERI,95,KIENI,476,GAKAWA
19,NYERI,96,MATHIRA,477,RUGURU
19,NYERI,96,MATHIRA,478,MAGUTU
19,NYERI,96,MATHIRA,479,IRIAINI
19,NYERI,96,MATHIRA,480,KONYU
19,NYERI,96,MATHIRA,481,KIRIMUKUYU
19,NYERI,96,MATHIRA,482,KARATINA TOWN
19,NYERI,97,OTHAYA,483,MAHIGA
19,NYERI,97,OTHAYA,484,IRIA-INI
19,NYERI,97,OTHAYA,485,CHINGA
19,NYERI,97,OTHAYA,486,KARIMA
19,NYERI,98,MUKURWEINI,487,GIKONDI
19,NYERI,98,MUKURWEINI,488,RUGI
19,NYERI,98,MUKURWEINI,489,MUKURWE-INI WEST
19,NYERI,98,MUKURWEINI,490,MUKURWE-INI CENTRAL
19,NYERI,99,NYERI TOWN,491,KIGANJO/MATHARI
19,NYERI,99,NYERI TOWN,492,RWARE
19,NYERI,99,NYERI TOWN,493,GATITU/MURUGURU
19,NYERI,99,NYERI TOWN,494,RURING'U
19,NYERI,99,NYERI TOWN,495,KAMAKWA/MUKARO
20,KIRINYAGA,100,MWEA,496,MUTITHI
20,KIRINYAGA,100,MWEA,497,KANGAI
20,KIRINYAGA,100,MWEA,498,THIBA
20,KIRINYAGA,100,MWEA,499,WAMUMU
20,KIRINYAGA,100,MWEA,500,NYANGATI
20,KIRINYAGA,100,MWEA,501,MURINDUKO
20,KIRINYAGA,100,MWEA,502,GATHIGIRIRI
20,KIRINYAGA,100,MWEA,503,TEBERE
20,KIRINYAGA,101,GICHUGU,504,KABARE
20,KIRINYAGA,101,GICHUGU,505,BARAGWI
20,KIRINYAGA,101,GICHUGU,506,NJUKIINI
20,KIRINYAGA,101,GICHUGU,507,NGARIAMA
20,KIRINYAGA,101,GICHUGU,508,KARUMANDI
20,KIRINYAGA,102,NDIA,509,MUKURE
20,KIRINYAGA,102,NDIA,510,KIINE
20,KIRINYAGA,102,NDIA,511,KARITI
20,KIRINYAGA,103,KIRINYAGA CENTRAL,512,MUTIRA
20,KIRINYAGA,103,KIRINYAGA CENTRAL,513,KANYEKI-INI
20,KIRINYAGA,103,KIRINYAGA CENTRAL,514,KERUGOYA
20,KIRINYAGA,103,KIRINYAGA CENTRAL,515,INOI
21,MURANG'A,104,KANGEMA,516,KANYENYAINI
21,MURANG'A,104,KANGEMA,517,MUGURU
21,MURANG'A,104,KANGEMA,518,RWATHIA
21,MURANG'A,105,MATHIOYA,519,GITUGI
21,MURANG'A,105,MATHIOYA,520,KIRU
21,MURANG'A,105,MATHIOYA,521,KAMACHARIA
21,MURANG'A,106,KIHARU,522,WANGU
21,MURANG'A,106,KIHARU,523,MUGOIRI
21,MURANG'A,106,KIHARU,524,MBIRI
21,MURANG'A,106,KIHARU,525,TOWNSHIP
21,MURANG'A,106,KIHARU,526,MURARANDIA
21,MURANG'A,106,KIHARU,527,GATURI
21,MURANG'A,107,KIGUMO,528,KAHUMBU
21,MURANG'A,107,KIGUMO,529,MUTHITHI
21,MURANG'A,107,KIGUMO,530,KIGUMO
21,MURANG'A,107,KIGUMO,531,KANGARI
21,MURANG'A,107,KIGUMO,532,KINYONA
21,MURANG'A,108,MARAGWA,533,KIMORORI/WEMPA
21,MURANG'A,108,MARAGWA,534,MAKUYU
21,MURANG'A,108,MARAGWA,535,KAMBITI
21,MURANG'A,108,MARAGWA,536,KAMAHUHA
21,MURANG'A,108,MARAGWA,537,ICHAGAKI
21,MURANG'A,108,MARAGWA,538,NGINDA
21,MURANG'A,109,KANDARA,539,NG'ARARIA
21,MURANG'A,109,KANDARA,540,MURUKA
21,MURANG'A,109,KANDARA,541,KAGUNDU-INI
21,MURANG'A,109,KANDARA,542,GAICHANJIRU
21,MURANG'A,109,KANDARA,543,ITHIRU
21,MURANG'A,109,KANDARA,544,RUCHU
21,MURANG'A,110,GATANGA,545,ITHANGA
21,MURANG'A,110,GATANGA,546,KAKUZI/MITUBIRI
21,MURANG'A,110,GATANGA,547,MUGUMO-INI
21,MURANG'A,110,GATANGA,548,KIHUMBU-INI
21,MURANG'A,110,GATANGA,549,GATANGA
21,MURANG'A,110,GATANGA,550,KARIARA
22,KIAMBU,111,GATUNDU SOUTH,551,KIAMWANGI
22,KIAMBU,111,GATUNDU SOUTH,552,KIGANJO
22,KIAMBU,111,GATUNDU SOUTH,553,NDARUGU
22,KIAMBU,111,GATUNDU SOUTH,554,NGENDA
22,KIAMBU,112,GATUNDU NORTH,555,GITUAMBA
22,KIAMBU,112,GATUNDU NORTH,556,GITHOBOKONI
22,KIAMBU,112,GATUNDU NORTH,557,CHANIA
22,KIAMBU,112,GATUNDU NORTH,558,MANG'U
22,KIAMBU,113,JUJA,559,MURERA
22,KIAMBU,113,JUJA,560,THETA
22,KIAMBU,113,JUJA,561,JUJA
22,KIAMBU,113,JUJA,562,WITEITHIE
22,KIAMBU,113,JUJA,563,KALIMONI
22,KIAMBU,114,THIKA TOWN,564,TOWNSHIP
22,KIAMBU,114,THIKA TOWN,565,KAMENU
22,KIAMBU,114,THIKA TOWN,566,HOSPITAL
22,KIAMBU,114,THIKA TOWN,567,GATUANYAGA
22,KIAMBU,114,THIKA TOWN,568,NGOLIBA
22,KIAMBU,115,RUIRU,569,GITOTHUA
22,KIAMBU,115,RUIRU,570,BIASHARA
22,KIAMBU,115,RUIRU,571,GATONGORA
22,KIAMBU,115,RUIRU,572,KAHAWA SUKARI
22,KIAMBU,115,RUIRU,573,KAHAWA WENDANI
22,KIAMBU,115,RUIRU,574,KIUU
22,KIAMBU,115,RUIRU,575,MWIKI
22,KIAMBU,115,RUIRU,576,MWIHOKO
22,KIAMBU,116,GITHUNGURI,577,GITHUNGURI
22,KIAMBU,116,GITHUNGURI,578,GITHIGA
22,KIAMBU,116,GITHUNGURI,579,IKINU
22,KIAMBU,116,GITHUNGURI,580,NGEWA
22,KIAMBU,116,GITHUNGURI,581,KOMOTHAI
22,KIAMBU,117,KIAMBU,582,TING'ANG'A
22,KIAMBU,117,KIAMBU,583,NDUMBERI
22,KIAMBU,117,KIAMBU,584,RIABAI
22,KIAMBU,117,KIAMBU,585,TOWNSHIP
22,KIAMBU,118,KIAMBAA,586,CIANDA
22,KIAMBU,118,KIAMBAA,587,KARURI
22,KIAMBU,118,KIAMBAA,588,NDENDERU
22,KIAMBU,118,KIAMBAA,589,MUCHATHA
22,KIAMBU,118,KIAMBAA,590,KIHARA
22,KIAMBU,119,KABETE,591,GITARU
22,KIAMBU,119,KABETE,592,MUGUGA
22,KIAMBU,119,KABETE,593,NYADHUNA
22,KIAMBU,119,KABETE,594,KABETE
22,KIAMBU,119,KABETE,595,UTHIRU
22,KIAMBU,120,KIKUYU,596,KARAI
22,KIAMBU,120,KIKUYU,597,NACHU
22,KIAMBU,120,KIKUYU,598,SIGONA
22,KIAMBU,120,KIKUYU,599,KIKUYU
22,KIAMBU,120,KIKUYU,600,KINOO
22,KIAMBU,121,LIMURU,601,BIBIRIONI
22,KIAMBU,121,LIMURU,602,LIMURU CENTRAL
22,KIAMBU,121,LIMURU,603,NDEIYA
22,KIAMBU,121,LIMURU,604,LIMURU EAST
22,KIAMBU,121,LIMURU,605,NGECHA TIGONI
22,KIAMBU,122,LARI,606,KINALE
22,KIAMBU,122,LARI,607,KIJABE
22,KIAMBU,122,LARI,608,NYANDUMA
22,KIAMBU,122,LARI,609,KAMBURU
22,KIAMBU,122,LARI,610,LARI/KIRENGA
23,TURKANA,123,TURKANA NORTH,611,KAERIS
23,TURKANA,123,TURKANA NORTH,612,LAKE ZONE
23,TURKANA,123,TURKANA NORTH,613,LAPUR
23,TURKANA,123,TURKANA NORTH,614,KAALENG/KAIKOR
23,TURKANA,123,TURKANA NORTH,615,KIBISH
23,TURKANA,123,TURKANA NORTH,616,NAKALALE
23,TURKANA,124,TURKANA WEST,617,KAKUMA
23,TURKANA,124,TURKANA WEST,618,LOPUR
23,TURKANA,124,TURKANA WEST,619,LETEA
23,TURKANA,124,TURKANA WEST,620,SONGOT
23,TURKANA,124,TURKANA WEST,621,KALOBEYEI
23,TURKANA,124,TURKANA WEST,622,LOKICHOGGIO
23,TURKANA,124,TURKANA WEST,623,NANAAM
23,TURKANA,125,TURKANA CENTRAL,624,KERIO DELTA
23,TURKANA,125,TURKANA CENTRAL,625,KANG'ATOTHA
23,TURKANA,125,TURKANA CENTRAL,626,KALOKOL
23,TURKANA,125,TURKANA CENTRAL,627,LODWAR TOWNSHIP
23,TURKANA,125,TURKANA CENTRAL,628,KANAMKEMER
23,TURKANA,126,LOIMA,629,KOTARUK/LOBEI
23,TURKANA,126,LOIMA,630,TURKWEL
23,TURKANA,126,LOIMA,631,LOIMA
23,TURKANA,126,LOIMA,632,LOKIRIAMA/LORENGIPPI
23,TURKANA,127,TURKANA SOUTH,633,KAPUTIR
23,TURKANA,127,TURKANA SOUTH,634,KATILU
23,TURKANA,127,TURKANA SOUTH,635,LOBOKAT
23,TURKANA,127,TURKANA SOUTH,636,KALAPATA
23,TURKANA,127,TURKANA SOUTH,637,LOKICHAR
23,TURKANA,128,TURKANA EAST,638,KAPEDO/NAPEITOM
23,TURKANA,128,TURKANA EAST,639,KATILIA
23,TURKANA,128,TURKANA EAST,640,LOKORI/KOCHODIN
24,WEST POKOT,129,KAPENGURIA,641,RIWO
24,WEST POKOT,129,KAPENGURIA,642,KAPENGURIA
24,WEST POKOT,129,KAPENGURIA,643,MNAGEI
24,WEST POKOT,129,KAPENGURIA,644,SIYOI
24,WEST POKOT,129,KAPENGURIA,645,ENDUGH
24,WEST POKOT,129,KAPENGURIA,646,SOOK
24,WEST POKOT,130,SIGOR,647,SEKERR
24,WEST POKOT,130,SIGOR,648,MASOOL
24,WEST POKOT,130,SIGOR,649,LOMUT
24,WEST POKOT,130,SIGOR,650,WEIWEI
24,WEST POKOT,131,KACHELIBA,651,SUAM
24,WEST POKOT,131,KACHELIBA,652,KODICH
24,WEST POKOT,131,KACHELIBA,653,KAPCKOK
24,WEST POKOT,131,KACHELIBA,654,KASEI
24,WEST POKOT,131,KACHELIBA,655,KIWAWA
24,WEST POKOT,131,KACHELIBA,656,ALALE
24,WEST POKOT,132,POKOT SOUTH,657,CHEPARERIA
24,WEST POKOT,132,POKOT SOUTH,658,BATEI
24,WEST POKOT,132,POKOT SOUTH,659,LELAN
24,WEST POKOT,132,POKOT SOUTH,660,TAPACH
25,SAMBURU,133,SAMBURU WEST,661,LODOKEJEK
25,SAMBURU,133,SAMBURU WEST,662,SUGUTA MARMAR
25,SAMBURU,133,SAMBURU WEST,663,MARALAL
25,SAMBURU,133,SAMBURU WEST,664,LOOSUK
25,SAMBURU,133,SAMBURU WEST,665,PORO
25,SAMBURU,134,SAMBURU NORTH,666,EL-BARTA
25,SAMBURU,134,SAMBURU NORTH,667,NACHOLA
25,SAMBURU,134,SAMBURU NORTH,668,NDOTO
25,SAMBURU,134,SAMBURU NORTH,669,NYIRO
25,SAMBURU,134,SAMBURU NORTH,670,ANGATA NANYOKIE
25,SAMBURU,134,SAMBURU NORTH,671,BAAWA
25,SAMBURU,135,SAMBURU EAST,672,WASO
25,SAMBURU,135,SAMBURU EAST,673,WAMBA WEST
25,SAMBURU,135,SAMBURU EAST,674,WAMBA EAST
25,SAMBURU,135,SAMBURU EAST,675,WAMBA NORTH
26,TRANS NZOIA,136,KWANZA,676,KAPOMBOI
26,TRANS NZOIA,136,KWANZA,677,KWANZA
26,TRANS NZOIA,136,KWANZA,678,KEIYO
26,TRANS NZOIA,136,KWANZA,679,BIDII
26,TRANS NZOIA,137,ENDEBESS,680,CHEPCHOINA
26,TRANS NZOIA,137,ENDEBESS,681,ENDEBESS
26,TRANS NZOIA,137,ENDEBESS,682,MATUMBEI
26,TRANS NZOIA,138,SABOTI,683,KINYORO
26,TRANS NZOIA,138,SABOTI,684,MATISI
26,TRANS NZOIA,138,SABOTI,685,TUWANI
26,TRANS NZOIA,138,SABOTI,686,SABOTI
26,TRANS NZOIA,138,SABOTI,687,MACHEWA
26,TRANS NZOIA,139,KIMININI,688,KIMININI
26,TRANS NZOIA,139,KIMININI,689,WAITALUK
26,TRANS NZOIA,139,KIMININI,690,SIRENDE
26,TRANS NZOIA,139,KIMININI,691,HOSPITAL
26,TRANS NZOIA,139,KIMININI,692,SIKHENDU
26,TRANS NZOIA,139,KIMININI,693,NABISWA
26,TRANS NZOIA,140,CHERANGANY,694,SINYERERE
26,TRANS NZOIA,140,CHERANGANY,695,MAKUTANO
26,TRANS NZOIA,140,CHERANGANY,696,KAPLAMAI
26,TRANS NZOIA,140,CHERANGANY,697,MOTOSIET
26,TRANS NZOIA,140,CHERANGANY,698,CHERANGANY/SUWERWA
26,TRANS NZOIA,140,CHERANGANY,699,CHEPSIRO/KIPTOROR
26,TRANS NZOIA,140,CHERANGANY,700,SITATUNGA
27,UASIN GISHU,141,SOY,701,MOI'S BRIDGE
27,UASIN GISHU,141,SOY,702,KAPKURES
27,UASIN GISHU,141,SOY,703,ZIWA
27,UASIN GISHU,141,SOY,704,SEGERO/BARSOMBE
27,UASIN GISHU,141,SOY,705,KIPSOMBA
27,UASIN GISHU,141,SOY,706,SOY
27,UASIN GISHU,141,SOY,707,KUINET/KAPSUSWA
27,UASIN GISHU,142,TURBO,708,NGENYILEL
27,UASIN GISHU,142,TURBO,709,TAPSAGOI
27,UASIN GISHU,142,TURBO,710,KAMAGUT
27,UASIN GISHU,142,TURBO,711,KIPLOMBE
27,UASIN GISHU,142,TURBO,712,KAPSAOS
27,UASIN GISHU,142,TURBO,713,HURUMA
27,UASIN GISHU,143,MOIBEN,714,TEMBELIO
27,UASIN GISHU,143,MOIBEN,715,SERGOIT
27,UASIN GISHU,143,MOIBEN,716,KARUNA/MEIBEKI
27,UASIN GISHU,143,MOIBEN,717,MOIBEN
27,UASIN GISHU,143,MOIBEN,718,KIMUMU
27,UASIN GISHU,144,AINABKOI,719,KAPSOYA
27,UASIN GISHU,144,AINABKOI,720,KAPTAGAT
27,UASIN GISHU,144,AINABKOI,721,AINABKOI/OLARE
27,UASIN GISHU,145,KAPSERET,722,SIMAT/KAPSERET
27,UASIN GISHU,145,KAPSERET,723,KIPKENYO
27,UASIN GISHU,145,KAPSERET,724,NGERIA
27,UASIN GISHU,145,KAPSERET,725,MEGUN
27,UASIN GISHU,145,KAPSERET,726,LANGAS
27,UASIN GISHU,146,KESSES,727,RACECOURSE
27,UASIN GISHU,146,KESSES,728,CHEPTIRET/KIPCHAMO
27,UASIN GISHU,146,KESSES,729,TULWET/CHUIYAT
27,UASIN GISHU,146,KESSES,730,TARAKWA
28,ELGEYO/MARAKWET,147,MARAKWET EAST,731,KAPYEGO
28,ELGEYO/MARAKWET,147,MARAKWET EAST,732,SAMBIRIR
28,ELGEYO/MARAKWET,147,MARAKWET EAST,733,ENDO
28,ELGEYO/MARAKWET,147,MARAKWET EAST,734,EMBOBUT / EMBULOT
28,ELGEYO/MARAKWET,148,MARAKWET WEST,735,LELAN
28,ELGEYO/MARAKWET,148,MARAKWET WEST,736,SENGWER
28,ELGEYO/MARAKWET,148,MARAKWET WEST,737,CHERANG'ANY/CHEBORORWA
28,ELGEYO/MARAKWET,148,MARAKWET WEST,738,MOIBEN/KUSERWO
28,ELGEYO/MARAKWET,148,MARAKWET WEST,739,KAPSOWAR
28,ELGEYO/MARAKWET,148,MARAKWET WEST,740,ARROR
28,ELGEYO/MARAKWET,149,KEIYO NORTH,741,EMSOO
28,ELGEYO/MARAKWET,149,KEIYO NORTH,742,KAMARINY
28,ELGEYO/MARAKWET,149,KEIYO NORTH,743,KAPCHEMUTWA
28,ELGEYO/MARAKWET,149,KEIYO NORTH,744,TAMBACH
28,ELGEYO/MARAKWET,150,KEIYO SOUTH,745,KAPTARAKWA
28,ELGEYO/MARAKWET,150,KEIYO SOUTH,746,CHEPKORIO
28,ELGEYO/MARAKWET,150,KEIYO SOUTH,747,SOY NORTH
28,ELGEYO/MARAKWET,150,KEIYO SOUTH,748,SOY SOUTH
28,ELGEYO/MARAKWET,150,KEIYO SOUTH,749,KABIEMIT
28,ELGEYO/MARAKWET,150,KEIYO SOUTH,750,METKEI
29,NANDI,151,TINDERET,751,SONGHOR/SOBA
29,NANDI,151,TINDERET,752,TINDIRET
29,NANDI,151,TINDERET,753,CHEMELIL/CHEMASE
29,NANDI,151,TINDERET,754,KAPSIMOTWO
29,NANDI,152,ALDAI,755,KABWARENG
29,NANDI,152,ALDAI,756,TERIK
29,NANDI,152,ALDAI,757,KEMELOI-MARABA
29,NANDI,152,ALDAI,758,KOBUJOI
29,NANDI,152,ALDAI,759,KAPTUMO-KABOI
29,NANDI,152,ALDAI,760,KOYO-NDURIO
29,NANDI,153,NANDI HILLS,761,NANDI HILLS
29,NANDI,153,NANDI HILLS,762,CHEPKUNYUK
29,NANDI,153,NANDI HILLS,763,OL'LESSOS
29,NANDI,153,NANDI HILLS,764,KAPCHORUA
29,NANDI,154,CHESUMEI,765,CHEMUNDU/KAPNG'ETUNY
29,NANDI,154,CHESUMEI,766,KOSIRAI
29,NANDI,154,CHESUMEI,767,LELMOKWO/NGECHEK
29,NANDI,154,CHESUMEI,768,KAPTEL/KAMOIYWO
29,NANDI,154,CHESUMEI,769,KIPTUYA
29,NANDI,155,EMGWEN,770,CHEPKUMIA
29,NANDI,155,EMGWEN,771,KAPKANGANI
29,NANDI,155,EMGWEN,772,KAPSABET
29,NANDI,155,EMGWEN,773,KILIBWONI
29,NANDI,156,MOSOP,774,CHEPTERWAI
29,NANDI,156,MOSOP,775,KIPKAREN
29,NANDI,156,MOSOP,776,KURGUNG/SURUNGAI
29,NANDI,156,MOSOP,777,KABIYET
29,NANDI,156,MOSOP,778,NDALAT
29,NANDI,156,MOSOP,779,KABISAGA
29,NANDI,156,MOSOP,780,SANGALO/KEBULONIK
30,BARINGO,157,TIATY,781,TIRIOKO
30,BARINGO,157,TIATY,782,KOLOWA
30,BARINGO,157,TIATY,783,RIBKWO
30,BARINGO,157,TIATY,784,SILALE
30,BARINGO,157,TIATY,785,LOIYAMOROCK
30,BARINGO,157,TIATY,786,TANGULBEI/KOROSSI
30,BARINGO,157,TIATY,787,CHURO/AMAYA
30,BARINGO,#N/A,BARINGO  NORTH,788,BARWESSA
30,BARINGO,#N/A,BARINGO  NORTH,789,KABARTONJO
30,BARINGO,#N/A,BARINGO  NORTH,790,SAIMO/KIPSARAMAN
30,BARINGO,#N/A,BARINGO  NORTH,791,SAIMO/SOI
30,BARINGO,#N/A,BARINGO  NORTH,792,BARTABWA
30,BARINGO,159,BARINGO CENTRAL,793,KABARNET
30,BARINGO,159,BARINGO CENTRAL,794,SACHO
30,BARINGO,159,BARINGO CENTRAL,795,TENGES
30,BARINGO,159,BARINGO CENTRAL,796,EWALEL CHAPCHAP
30,BARINGO,159,BARINGO CENTRAL,797,KAPROPITA
30,BARINGO,160,BARINGO SOUTH,798,MARIGAT
30,BARINGO,160,BARINGO SOUTH,799,ILCHAMUS
30,BARINGO,160,BARINGO SOUTH,800,MOCHONGOI
30,BARINGO,160,BARINGO SOUTH,801,MUKUTANI
30,BARINGO,161,MOGOTIO,802,MOGOTIO
30,BARINGO,161,MOGOTIO,803,EMINING
30,BARINGO,161,MOGOTIO,804,KISANANA
30,BARINGO,162,ELDAMA RAVINE,805,LEMBUS
30,BARINGO,162,ELDAMA RAVINE,806,LEMBUS KWEN
30,BARINGO,162,ELDAMA RAVINE,807,RAVINE
30,BARINGO,162,ELDAMA RAVINE,808,MUMBERES/MAJI MAZURI
30,BARINGO,162,ELDAMA RAVINE,809,LEMBUS/PERKERRA
30,BARINGO,162,ELDAMA RAVINE,810,KOIBATEK
31,LAIKIPIA,163,LAIKIPIA WEST,811,OLMORAN
31,LAIKIPIA,163,LAIKIPIA WEST,812,RUMURUTI TOWNSHIP
31,LAIKIPIA,163,LAIKIPIA WEST,813,KINAMBA
31,LAIKIPIA,163,LAIKIPIA WEST,814,MARMANET
31,LAIKIPIA,163,LAIKIPIA WEST,815,IGWAMITI
31,LAIKIPIA,163,LAIKIPIA WEST,816,SALAMA
31,LAIKIPIA,164,LAIKIPIA EAST,817,NGOBIT
31,LAIKIPIA,164,LAIKIPIA EAST,818,TIGITHI
31,LAIKIPIA,164,LAIKIPIA EAST,819,THINGITHU
31,LAIKIPIA,164,LAIKIPIA EAST,820,NANYUKI
31,LAIKIPIA,164,LAIKIPIA EAST,821,UMANDE
31,LAIKIPIA,165,LAIKIPIA NORTH,822,SOSIAN
31,LAIKIPIA,165,LAIKIPIA NORTH,823,SEGERA
31,LAIKIPIA,165,LAIKIPIA NORTH,824,MUKOGONDO WEST
31,LAIKIPIA,165,LAIKIPIA NORTH,825,MUKOGONDO EAST
32,NAKURU,166,MOLO,826,MARIASHONI
32,NAKURU,166,MOLO,827,ELBURGON
32,NAKURU,166,MOLO,828,TURI
32,NAKURU,166,MOLO,829,MOLO
32,NAKURU,167,NJORO,830,MAUNAROK
32,NAKURU,167,NJORO,831,MAUCHE
32,NAKURU,167,NJORO,832,KIHINGO
32,NAKURU,167,NJORO,833,NESSUIT
32,NAKURU,167,NJORO,834,LARE
32,NAKURU,167,NJORO,835,NJORO
32,NAKURU,168,NAIVASHA,836,BIASHARA
32,NAKURU,168,NAIVASHA,837,HELLS GATE
32,NAKURU,168,NAIVASHA,838,LAKEVIEW
32,NAKURU,168,NAIVASHA,839,MAAI-MAHIU
32,NAKURU,168,NAIVASHA,840,MAIELLA
32,NAKURU,168,NAIVASHA,841,OLKARIA
32,NAKURU,168,NAIVASHA,842,NAIVASHA EAST
32,NAKURU,168,NAIVASHA,843,VIWANDANI
32,NAKURU,169,GILGIL,844,GILGIL
32,NAKURU,169,GILGIL,845,ELEMENTAITA
32,NAKURU,169,GILGIL,846,MBARUK/EBURU
32,NAKURU,169,GILGIL,847,MALEWA WEST
32,NAKURU,169,GILGIL,848,MURINDATI
32,NAKURU,170,KURESOI SOUTH,849,AMALO
32,NAKURU,170,KURESOI SOUTH,850,KERINGET
32,NAKURU,170,KURESOI SOUTH,851,KIPTAGICH
32,NAKURU,170,KURESOI SOUTH,852,TINET
32,NAKURU,171,KURESOI NORTH,853,KIPTORORO
32,NAKURU,171,KURESOI NORTH,854,NYOTA
32,NAKURU,171,KURESOI NORTH,855,SIRIKWA
32,NAKURU,171,KURESOI NORTH,856,KAMARA
32,NAKURU,172,SUBUKIA,857,SUBUKIA
32,NAKURU,172,SUBUKIA,858,WASEGES
32,NAKURU,172,SUBUKIA,859,KABAZI
32,NAKURU,173,RONGAI,860,MENENGAI WEST
32,NAKURU,173,RONGAI,861,SOIN
32,NAKURU,173,RONGAI,862,VISOI
32,NAKURU,173,RONGAI,863,MOSOP
32,NAKURU,173,RONGAI,864,SOLAI
32,NAKURU,174,BAHATI,865,DUNDORI
32,NAKURU,174,BAHATI,866,KABATINI
32,NAKURU,174,BAHATI,867,KIAMAINA
32,NAKURU,174,BAHATI,868,LANET/UMOJA
32,NAKURU,174,BAHATI,869,BAHATI
32,NAKURU,175,NAKURU TOWN WEST,870,BARUT
32,NAKURU,175,NAKURU TOWN WEST,871,LONDON
32,NAKURU,175,NAKURU TOWN WEST,872,KAPTEMBWO
32,NAKURU,175,NAKURU TOWN WEST,873,KAPKURES
32,NAKURU,175,NAKURU TOWN WEST,874,RHODA
32,NAKURU,175,NAKURU TOWN WEST,875,SHAABAB
32,NAKURU,176,NAKURU TOWN EAST,876,BIASHARA
32,NAKURU,176,NAKURU TOWN EAST,877,KIVUMBINI
32,NAKURU,176,NAKURU TOWN EAST,878,FLAMINGO
32,NAKURU,176,NAKURU TOWN EAST,879,MENENGAI
32,NAKURU,176,NAKURU TOWN EAST,880,NAKURU EAST
33,NAROK,177,KILGORIS,881,KILGORIS CENTRAL
33,NAROK,177,KILGORIS,882,KEYIAN
33,NAROK,177,KILGORIS,883,ANGATA BARIKOI
33,NAROK,177,KILGORIS,884,SHANKOE
33,NAROK,177,KILGORIS,885,KIMINTET
33,NAROK,177,KILGORIS,886,LOLGORIAN
33,NAROK,178,EMURUA DIKIRR,887,ILKERIN
33,NAROK,178,EMURUA DIKIRR,888,OLOLMASANI
33,NAROK,178,EMURUA DIKIRR,889,MOGONDO
33,NAROK,178,EMURUA DIKIRR,890,KAPSASIAN
33,NAROK,179,NAROK NORTH,891,OLPUSIMORU
33,NAROK,179,NAROK NORTH,892,OLOKURTO
33,NAROK,179,NAROK NORTH,893,NAROK TOWN
33,NAROK,179,NAROK NORTH,894,NKARETA
33,NAROK,179,NAROK NORTH,895,OLORROPIL
33,NAROK,179,NAROK NORTH,896,MELILI
33,NAROK,180,NAROK EAST,897,MOSIRO
33,NAROK,180,NAROK EAST,898,ILDAMAT
33,NAROK,180,NAROK EAST,899,KEEKONYOKIE
33,NAROK,180,NAROK EAST,900,SUSWA
33,NAROK,181,NAROK SOUTH,901,MAJIMOTO/NAROOSURA
33,NAROK,181,NAROK SOUTH,902,OLOLULUNG'A
33,NAROK,181,NAROK SOUTH,903,MELELO
33,NAROK,181,NAROK SOUTH,904,LOITA
33,NAROK,181,NAROK SOUTH,905,SOGOO
33,NAROK,181,NAROK SOUTH,906,SAGAMIAN
33,NAROK,182,NAROK WEST,907,ILMOTIOK
33,NAROK,182,NAROK WEST,908,MARA
33,NAROK,182,NAROK WEST,909,SIANA
33,NAROK,182,NAROK WEST,910,NAIKARRA
34,KAJIADO,183,KAJIADO NORTH,911,OLKERI
34,KAJIADO,183,KAJIADO NORTH,912,ONGATA RONGAI
34,KAJIADO,183,KAJIADO NORTH,913,NKAIMURUNYA
34,KAJIADO,183,KAJIADO NORTH,914,OLOOLUA
34,KAJIADO,183,KAJIADO NORTH,915,NGONG
34,KAJIADO,184,KAJIADO CENTRAL,916,PURKO
34,KAJIADO,184,KAJIADO CENTRAL,917,ILDAMAT
34,KAJIADO,184,KAJIADO CENTRAL,918,DALALEKUTUK
34,KAJIADO,184,KAJIADO CENTRAL,919,MATAPATO NORTH
34,KAJIADO,184,KAJIADO CENTRAL,920,MATAPATO SOUTH
34,KAJIADO,185,KAJIADO EAST,921,KAPUTIEI NORTH
34,KAJIADO,185,KAJIADO EAST,922,KITENGELA
34,KAJIADO,185,KAJIADO EAST,923,OLOOSIRKON/SHOLINKE
34,KAJIADO,185,KAJIADO EAST,924,KENYAWA-POKA
34,KAJIADO,185,KAJIADO EAST,925,IMARORO
34,KAJIADO,186,KAJIADO WEST,926,KEEKONYOKIE
34,KAJIADO,186,KAJIADO WEST,927,ILOODOKILANI
34,KAJIADO,186,KAJIADO WEST,928,MAGADI
34,KAJIADO,186,KAJIADO WEST,929,EWUASO OONKIDONG'I
34,KAJIADO,186,KAJIADO WEST,930,MOSIRO
34,KAJIADO,187,KAJIADO SOUTH,931,ENTONET/LENKISIM
34,KAJIADO,187,KAJIADO SOUTH,932,MBIRIKANI/ESELENKEI
34,KAJIADO,187,KAJIADO SOUTH,933,KUKU
34,KAJIADO,187,KAJIADO SOUTH,934,ROMBO
34,KAJIADO,187,KAJIADO SOUTH,935,KIMANA
35,KERICHO,188,KIPKELION EAST,936,LONDIANI
35,KERICHO,188,KIPKELION EAST,937,KEDOWA/KIMUGUL
35,KERICHO,188,KIPKELION EAST,938,CHEPSEON
35,KERICHO,188,KIPKELION EAST,939,TENDENO/SORGET
35,KERICHO,189,KIPKELION WEST,940,KUNYAK
35,KERICHO,189,KIPKELION WEST,941,KAMASIAN
35,KERICHO,189,KIPKELION WEST,942,KIPKELION
35,KERICHO,189,KIPKELION WEST,943,CHILCHILA
35,KERICHO,190,AINAMOI,944,KAPSOIT
35,KERICHO,190,AINAMOI,945,AINAMOI
35,KERICHO,190,AINAMOI,946,KAPKUGERWET
35,KERICHO,190,AINAMOI,947,KIPCHEBOR
35,KERICHO,190,AINAMOI,948,KIPCHIMCHIM
35,KERICHO,190,AINAMOI,949,KAPSAOS
35,KERICHO,191,BURETI,950,KISIARA
35,KERICHO,191,BURETI,951,TEBESONIK
35,KERICHO,191,BURETI,952,CHEBOIN
35,KERICHO,191,BURETI,953,CHEMOSOT
35,KERICHO,191,BURETI,954,LITEIN
35,KERICHO,191,BURETI,955,CHEPLANGET
35,KERICHO,191,BURETI,956,KAPKATET
35,KERICHO,192,BELGUT,957,WALDAI
35,KERICHO,192,BELGUT,958,KABIANGA
35,KERICHO,192,BELGUT,959,CHEPTORORIET/SERETUT
35,KERICHO,192,BELGUT,960,CHAIK
35,KERICHO,192,BELGUT,961,KAPSUSER
35,KERICHO,193,SIGOWET/SOIN,962,SIGOWET
35,KERICHO,193,SIGOWET/SOIN,963,KAPLELARTET
35,KERICHO,193,SIGOWET/SOIN,964,SOLIAT
35,KERICHO,193,SIGOWET/SOIN,965,SOIN
36,BOMET,194,SOTIK,966,NDANAI/ABOSI
36,BOMET,194,SOTIK,967,CHEMAGEL
36,BOMET,194,SOTIK,968,KIPSONOI
36,BOMET,194,SOTIK,969,KAPLETUNDO
36,BOMET,194,SOTIK,970,RONGENA/MANARET
36,BOMET,195,CHEPALUNGU,971,KONG'ASIS
36,BOMET,195,CHEPALUNGU,972,NYANGORES
36,BOMET,195,CHEPALUNGU,973,SIGOR
36,BOMET,195,CHEPALUNGU,974,CHEBUNYO
36,BOMET,195,CHEPALUNGU,975,SIONGIROI
36,BOMET,196,BOMET EAST,976,MERIGI
36,BOMET,196,BOMET EAST,977,KEMBU
36,BOMET,196,BOMET EAST,978,LONGISA
36,BOMET,196,BOMET EAST,979,KIPRERES
36,BOMET,196,BOMET EAST,980,CHEMANER
36,BOMET,197,BOMET CENTRAL,981,SILIBWET TOWNSHIP
36,BOMET,197,BOMET CENTRAL,982,NDARAWETA
36,BOMET,197,BOMET CENTRAL,983,SINGORWET
36,BOMET,197,BOMET CENTRAL,984,CHESOEN
36,BOMET,197,BOMET CENTRAL,985,MUTARAKWA
36,BOMET,198,KONOIN,986,CHEPCHABAS
36,BOMET,198,KONOIN,987,KIMULOT
36,BOMET,198,KONOIN,988,MOGOGOSIEK
36,BOMET,198,KONOIN,989,BOITO
36,BOMET,198,KONOIN,990,EMBOMOS
37,KAKAMEGA,199,LUGARI,991,MAUTUMA
37,KAKAMEGA,199,LUGARI,992,LUGARI
37,KAKAMEGA,199,LUGARI,993,LUMAKANDA
37,KAKAMEGA,199,LUGARI,994,CHEKALINI
37,KAKAMEGA,199,LUGARI,995,CHEVAYWA
37,KAKAMEGA,199,LUGARI,996,LWANDETI
37,KAKAMEGA,200,LIKUYANI,997,LIKUYANI
37,KAKAMEGA,200,LIKUYANI,998,SANGO
37,KAKAMEGA,200,LIKUYANI,999,KONGONI
37,KAKAMEGA,200,LIKUYANI,1000,NZOIA
37,KAKAMEGA,200,LIKUYANI,1001,SINOKO
37,KAKAMEGA,201,MALAVA,1002,WEST KABRAS
37,KAKAMEGA,201,MALAVA,1003,CHEMUCHE
37,KAKAMEGA,201,MALAVA,1004,EAST KABRAS
37,KAKAMEGA,201,MALAVA,1005,BUTALI/CHEGULO
37,KAKAMEGA,201,MALAVA,1006,MANDA-SHIVANGA
37,KAKAMEGA,201,MALAVA,1007,SHIRUGU-MUGAI
37,KAKAMEGA,201,MALAVA,1008,SOUTH KABRAS
37,KAKAMEGA,202,LURAMBI,1009,BUTSOTSO EAST
37,KAKAMEGA,202,LURAMBI,1010,BUTSOTSO SOUTH
37,KAKAMEGA,202,LURAMBI,1011,BUTSOTSO CENTRAL
37,KAKAMEGA,202,LURAMBI,1012,SHEYWE
37,KAKAMEGA,202,LURAMBI,1013,MAHIAKALO
37,KAKAMEGA,202,LURAMBI,1014,SHIRERE
37,KAKAMEGA,203,NAVAKHOLO,1015,INGOSTSE-MATHIA
37,KAKAMEGA,203,NAVAKHOLO,1016,SHINOYI-SHIKOMARI-
37,KAKAMEGA,203,NAVAKHOLO,1017,BUNYALA WEST
37,KAKAMEGA,203,NAVAKHOLO,1018,BUNYALA EAST
37,KAKAMEGA,203,NAVAKHOLO,1019,BUNYALA CENTRAL
37,KAKAMEGA,204,MUMIAS WEST,1020,MUMIAS CENTRAL
37,KAKAMEGA,204,MUMIAS WEST,1021,MUMIAS NORTH
37,KAKAMEGA,204,MUMIAS WEST,1022,ETENJE
37,KAKAMEGA,204,MUMIAS WEST,1023,MUSANDA
37,KAKAMEGA,205,MUMIAS EAST,1024,LUBINU/LUSHEYA
37,KAKAMEGA,205,MUMIAS EAST,1025,ISONGO/MAKUNGA/MALAHA
37,KAKAMEGA,205,MUMIAS EAST,1026,EAST WANGA
37,KAKAMEGA,206,MATUNGU,1027,KOYONZO
37,KAKAMEGA,206,MATUNGU,1028,KHOLERA
37,KAKAMEGA,206,MATUNGU,1029,KHALABA
37,KAKAMEGA,206,MATUNGU,1030,MAYONI
37,KAKAMEGA,206,MATUNGU,1031,NAMAMALI
37,KAKAMEGA,207,BUTERE,1032,MARAMA WEST
37,KAKAMEGA,207,BUTERE,1033,MARAMA CENTRAL
37,KAKAMEGA,207,BUTERE,1034,MARENYO - SHIANDA
37,KAKAMEGA,207,BUTERE,1035,MARAMA NORTH
37,KAKAMEGA,207,BUTERE,1036,MARAMA SOUTH
37,KAKAMEGA,208,KHWISERO,1037,KISA NORTH
37,KAKAMEGA,208,KHWISERO,1038,KISA EAST
37,KAKAMEGA,208,KHWISERO,1039,KISA WEST
37,KAKAMEGA,208,KHWISERO,1040,KISA CENTRAL
37,KAKAMEGA,209,SHINYALU,1041,ISUKHA NORTH
37,KAKAMEGA,209,SHINYALU,1042,MURHANDA
37,KAKAMEGA,209,SHINYALU,1043,ISUKHA CENTRAL
37,KAKAMEGA,209,SHINYALU,1044,ISUKHA SOUTH
37,KAKAMEGA,209,SHINYALU,1045,ISUKHA EAST
37,KAKAMEGA,209,SHINYALU,1046,ISUKHA WEST
37,KAKAMEGA,210,IKOLOMANI,1047,IDAKHO SOUTH
37,KAKAMEGA,210,IKOLOMANI,1048,IDAKHO EAST
37,KAKAMEGA,210,IKOLOMANI,1049,IDAKHO NORTH
37,KAKAMEGA,210,IKOLOMANI,1050,IDAKHO CENTRAL
38,VIHIGA,211,VIHIGA,1051,LUGAGA-WAMULUMA
38,VIHIGA,211,VIHIGA,1052,SOUTH MARAGOLI
38,VIHIGA,211,VIHIGA,1053,CENTRAL MARAGOLI
38,VIHIGA,211,VIHIGA,1054,MUNGOMA
38,VIHIGA,212,SABATIA,1055,LYADUYWA/IZAVA
38,VIHIGA,212,SABATIA,1056,WEST SABATIA
38,VIHIGA,212,SABATIA,1057,CHAVAKALI
38,VIHIGA,212,SABATIA,1058,NORTH MARAGOLI
38,VIHIGA,212,SABATIA,1059,WODANGA
38,VIHIGA,212,SABATIA,1060,BUSALI
38,VIHIGA,213,HAMISI,1061,SHIRU
38,VIHIGA,213,HAMISI,1062,MUHUDU
38,VIHIGA,213,HAMISI,1063,SHAMAKHOKHO
38,VIHIGA,213,HAMISI,1064,GISAMBAI
38,VIHIGA,213,HAMISI,1065,BANJA
38,VIHIGA,213,HAMISI,1066,TAMBUA
38,VIHIGA,213,HAMISI,1067,JEPKOYAI
38,VIHIGA,214,LUANDA,1068,LUANDA TOWNSHIP
38,VIHIGA,214,LUANDA,1069,WEMILABI
38,VIHIGA,214,LUANDA,1070,MWIBONA
38,VIHIGA,214,LUANDA,1071,LUANDA SOUTH
38,VIHIGA,214,LUANDA,1072,EMABUNGO
38,VIHIGA,215,EMUHAYA,1073,NORTH EAST BUNYORE
38,VIHIGA,215,EMUHAYA,1074,CENTRAL BUNYORE
38,VIHIGA,215,EMUHAYA,1075,WEST BUNYORE
39,BUNGOMA,216,MT.ELGON,1076,CHEPTAIS
39,BUNGOMA,216,MT.ELGON,1077,CHESIKAKI
39,BUNGOMA,216,MT.ELGON,1078,CHEPYUK
39,BUNGOMA,216,MT.ELGON,1079,KAPKATENY
39,BUNGOMA,216,MT.ELGON,1080,KAPTAMA
39,BUNGOMA,216,MT.ELGON,1081,ELGON
39,BUNGOMA,217,SIRISIA,1082,NAMWELA
39,BUNGOMA,217,SIRISIA,1083,MALAKISI/SOUTH KULISIRU
39,BUNGOMA,217,SIRISIA,1084,LWANDANYI
39,BUNGOMA,218,KABUCHAI,1085,KABUCHAI/CHWELE
39,BUNGOMA,218,KABUCHAI,1086,WEST NALONDO
39,BUNGOMA,218,KABUCHAI,1087,BWAKE/LUUYA
39,BUNGOMA,218,KABUCHAI,1088,MUKUYUNI
39,BUNGOMA,219,BUMULA,1089,SOUTH BUKUSU
39,BUNGOMA,219,BUMULA,1090,BUMULA
39,BUNGOMA,219,BUMULA,1091,KHASOKO
39,BUNGOMA,219,BUMULA,1092,KABULA
39,BUNGOMA,219,BUMULA,1093,KIMAETI
39,BUNGOMA,219,BUMULA,1094,WEST BUKUSU
39,BUNGOMA,219,BUMULA,1095,SIBOTI
39,BUNGOMA,220,KANDUYI,1096,BUKEMBE WEST
39,BUNGOMA,220,KANDUYI,1097,BUKEMBE EAST
39,BUNGOMA,220,KANDUYI,1098,TOWNSHIP
39,BUNGOMA,220,KANDUYI,1099,KHALABA
39,BUNGOMA,220,KANDUYI,1100,MUSIKOMA
39,BUNGOMA,220,KANDUYI,1101,EAST SANG'ALO
39,BUNGOMA,220,KANDUYI,1102,MARAKARU/TUUTI
39,BUNGOMA,220,KANDUYI,1103,SANG'ALO WEST
39,BUNGOMA,221,WEBUYE EAST,1104,MIHUU
39,BUNGOMA,221,WEBUYE EAST,1105,NDIVISI
39,BUNGOMA,221,WEBUYE EAST,1106,MARAKA
39,BUNGOMA,222,WEBUYE WEST,1107,MISIKHU
39,BUNGOMA,222,WEBUYE WEST,1108,SITIKHO
39,BUNGOMA,222,WEBUYE WEST,1109,MATULO
39,BUNGOMA,222,WEBUYE WEST,1110,BOKOLI
39,BUNGOMA,223,KIMILILI,1111,KIMILILI
39,BUNGOMA,223,KIMILILI,1112,KIBINGEI
39,BUNGOMA,223,KIMILILI,1113,MAENI
39,BUNGOMA,223,KIMILILI,1114,KAMUKUYWA
39,BUNGOMA,224,TONGAREN,1115,MBAKALO
39,BUNGOMA,224,TONGAREN,1116,NAITIRI/KABUYEFWE
39,BUNGOMA,224,TONGAREN,1117,MILIMA
39,BUNGOMA,224,TONGAREN,1118,NDALU/ TABANI
39,BUNGOMA,224,TONGAREN,1119,TONGAREN
39,BUNGOMA,224,TONGAREN,1120,SOYSAMBU/ MITUA
40,BUSIA,225,TESO NORTH,1121,MALABA CENTRAL
40,BUSIA,225,TESO NORTH,1122,MALABA NORTH
40,BUSIA,225,TESO NORTH,1123,ANG'URAI SOUTH
40,BUSIA,225,TESO NORTH,1124,ANG'URAI NORTH
40,BUSIA,225,TESO NORTH,1125,ANG'URAI EAST
40,BUSIA,225,TESO NORTH,1126,MALABA SOUTH
40,BUSIA,226,TESO SOUTH,1127,ANG'OROM
40,BUSIA,226,TESO SOUTH,1128,CHAKOL SOUTH
40,BUSIA,226,TESO SOUTH,1129,CHAKOL NORTH
40,BUSIA,226,TESO SOUTH,1130,AMUKURA WEST
40,BUSIA,226,TESO SOUTH,1131,AMUKURA EAST
40,BUSIA,226,TESO SOUTH,1132,AMUKURA CENTRAL
40,BUSIA,227,NAMBALE,1133,NAMBALE TOWNSHIP
40,BUSIA,227,NAMBALE,1134,BUKHAYO NORTH/WALTSI
40,BUSIA,227,NAMBALE,1135,BUKHAYO EAST
40,BUSIA,227,NAMBALE,1136,BUKHAYO CENTRAL
40,BUSIA,228,MATAYOS,1137,BUKHAYO WEST
40,BUSIA,228,MATAYOS,1138,MAYENJE
40,BUSIA,228,MATAYOS,1139,MATAYOS SOUTH
40,BUSIA,228,MATAYOS,1140,BUSIBWABO
40,BUSIA,228,MATAYOS,1141,BURUMBA
40,BUSIA,229,BUTULA,1142,MARACHI WEST
40,BUSIA,229,BUTULA,1143,KINGANDOLE
40,BUSIA,229,BUTULA,1144,MARACHI CENTRAL
40,BUSIA,229,BUTULA,1145,MARACHI EAST
40,BUSIA,229,BUTULA,1146,MARACHI NORTH
40,BUSIA,229,BUTULA,1147,ELUGULU
40,BUSIA,230,FUNYULA,1148,NAMBOBOTO NAMBUKU
40,BUSIA,230,FUNYULA,1149,NANGINA
40,BUSIA,230,FUNYULA,1150,AGENG'A NANGUBA
40,BUSIA,230,FUNYULA,1151,BWIRI
40,BUSIA,231,BUDALANGI,1152,BUNYALA CENTRAL
40,BUSIA,231,BUDALANGI,1153,BUNYALA NORTH
40,BUSIA,231,BUDALANGI,1154,BUNYALA WEST
40,BUSIA,231,BUDALANGI,1155,BUNYALA SOUTH
41,SIAYA,232,UGENYA,1156,WEST UGENYA
41,SIAYA,232,UGENYA,1157,UKWALA
41,SIAYA,232,UGENYA,1158,NORTH UGENYA
41,SIAYA,232,UGENYA,1159,EAST UGENYA
41,SIAYA,233,UGUNJA,1160,SIDINDI
41,SIAYA,233,UGUNJA,1161,SIGOMERE
41,SIAYA,233,UGUNJA,1162,UGUNJA
41,SIAYA,234,ALEGO USONGA,1163,USONGA
41,SIAYA,234,ALEGO USONGA,1164,WEST ALEGO
41,SIAYA,234,ALEGO USONGA,1165,CENTRAL ALEGO
41,SIAYA,234,ALEGO USONGA,1166,SIAYA TOWNSHIP
41,SIAYA,234,ALEGO USONGA,1167,NORTH ALEGO
41,SIAYA,234,ALEGO USONGA,1168,SOUTH EAST ALEGO
41,SIAYA,235,GEM,1169,NORTH GEM
41,SIAYA,235,GEM,1170,WEST GEM
41,SIAYA,235,GEM,1171,CENTRAL GEM
41,SIAYA,235,GEM,1172,YALA TOWNSHIP
41,SIAYA,235,GEM,1173,EAST GEM
41,SIAYA,235,GEM,1174,SOUTH GEM
41,SIAYA,236,BONDO,1175,WEST YIMBO
41,SIAYA,236,BONDO,1176,CENTRAL SAKWA
41,SIAYA,236,BONDO,1177,SOUTH SAKWA
41,SIAYA,236,BONDO,1178,YIMBO EAST
41,SIAYA,236,BONDO,1179,WEST SAKWA
41,SIAYA,236,BONDO,1180,NORTH SAKWA
41,SIAYA,237,RARIEDA,1181,EAST ASEMBO
41,SIAYA,237,RARIEDA,1182,WEST ASEMBO
41,SIAYA,237,RARIEDA,1183,NORTH UYOMA
41,SIAYA,237,RARIEDA,1184,SOUTH UYOMA
41,SIAYA,237,RARIEDA,1185,WEST UYOMA
42,KISUMU,238,KISUMU EAST,1186,KAJULU
42,KISUMU,238,KISUMU EAST,1187,KOLWA EAST
42,KISUMU,238,KISUMU EAST,1188,MANYATTA 'B'
42,KISUMU,238,KISUMU EAST,1189,NYALENDA 'A'
42,KISUMU,238,KISUMU EAST,1190,KOLWA CENTRAL
42,KISUMU,239,KISUMU WEST,1191,SOUTH WEST KISUMU
42,KISUMU,239,KISUMU WEST,1192,CENTRAL KISUMU
42,KISUMU,239,KISUMU WEST,1193,KISUMU NORTH
42,KISUMU,239,KISUMU WEST,1194,WEST KISUMU
42,KISUMU,239,KISUMU WEST,1195,NORTH WEST KISUMU
42,KISUMU,240,KISUMU CENTRAL,1196,RAILWAYS
42,KISUMU,240,KISUMU CENTRAL,1197,MIGOSI
42,KISUMU,240,KISUMU CENTRAL,1198,SHAURIMOYO KALOLENI
42,KISUMU,240,KISUMU CENTRAL,1199,MARKET MILIMANI
42,KISUMU,240,KISUMU CENTRAL,1200,KONDELE
42,KISUMU,240,KISUMU CENTRAL,1201,NYALENDA B
42,KISUMU,241,SEME,1202,WEST SEME
42,KISUMU,241,SEME,1203,CENTRAL SEME
42,KISUMU,241,SEME,1204,EAST SEME
42,KISUMU,241,SEME,1205,NORTH SEME
42,KISUMU,242,NYANDO,1206,EAST KANO/WAWIDHI
42,KISUMU,242,NYANDO,1207,AWASI/ONJIKO
42,KISUMU,242,NYANDO,1208,AHERO
42,KISUMU,242,NYANDO,1209,KABONYO/KANYAGWAL
42,KISUMU,242,NYANDO,1210,KOBURA
42,KISUMU,243,MUHORONI,1211,MIWANI
42,KISUMU,243,MUHORONI,1212,OMBEYI
42,KISUMU,243,MUHORONI,1213,MASOGO/NYANG'OMA
42,KISUMU,243,MUHORONI,1214,CHEMELIL
42,KISUMU,243,MUHORONI,1215,MUHORONI/KORU
42,KISUMU,244,NYAKACH,1216,SOUTH WEST NYAKACH
42,KISUMU,244,NYAKACH,1217,NORTH NYAKACH
42,KISUMU,244,NYAKACH,1218,CENTRAL NYAKACH
42,KISUMU,244,NYAKACH,1219,WEST NYAKACH
42,KISUMU,244,NYAKACH,1220,SOUTH EAST NYAKACH
43,HOMA BAY,245,KASIPUL,1221,WEST KASIPUL
43,HOMA BAY,245,KASIPUL,1222,SOUTH KASIPUL
43,HOMA BAY,245,KASIPUL,1223,CENTRAL KASIPUL
43,HOMA BAY,245,KASIPUL,1224,EAST KAMAGAK
43,HOMA BAY,245,KASIPUL,1225,WEST KAMAGAK
43,HOMA BAY,246,KABONDO KASIPUL,1226,KABONDO EAST
43,HOMA BAY,246,KABONDO KASIPUL,1227,KABONDO WEST
43,HOMA BAY,246,KABONDO KASIPUL,1228,KOKWANYO/KAKELO
43,HOMA BAY,246,KABONDO KASIPUL,1229,KOJWACH
43,HOMA BAY,247,KARACHUONYO,1230,WEST KARACHUONYO
43,HOMA BAY,247,KARACHUONYO,1231,NORTH KARACHUONYO
43,HOMA BAY,247,KARACHUONYO,1232,CENTRAL
43,HOMA BAY,247,KARACHUONYO,1233,KANYALUO
43,HOMA BAY,247,KARACHUONYO,1234,KIBIRI
43,HOMA BAY,247,KARACHUONYO,1235,WANGCHIENG
43,HOMA BAY,247,KARACHUONYO,1236,KENDU BAY TOWN
43,HOMA BAY,248,RANGWE,1237,WEST GEM
43,HOMA BAY,248,RANGWE,1238,EAST GEM
43,HOMA BAY,248,RANGWE,1239,KAGAN
43,HOMA BAY,248,RANGWE,1240,KOCHIA
43,HOMA BAY,249,HOMA BAY TOWN,1241,HOMA BAY CENTRAL
43,HOMA BAY,249,HOMA BAY TOWN,1242,HOMA BAY ARUJO
43,HOMA BAY,249,HOMA BAY TOWN,1243,HOMA BAY WEST
43,HOMA BAY,249,HOMA BAY TOWN,1244,HOMA BAY EAST
43,HOMA BAY,250,NDHIWA,1245,KWABWAI
43,HOMA BAY,250,NDHIWA,1246,KANYADOTO
43,HOMA BAY,250,NDHIWA,1247,KANYIKELA
43,HOMA BAY,250,NDHIWA,1248,NORTH KABUOCH
43,HOMA BAY,250,NDHIWA,1249,KABUOCH SOUTH/PALA
43,HOMA BAY,250,NDHIWA,1250,KANYAMWA KOLOGI
43,HOMA BAY,250,NDHIWA,1251,KANYAMWA KOSEWE
43,HOMA BAY,251,MBITA,1252,MFANGANO ISLAND
43,HOMA BAY,251,MBITA,1253,RUSINGA ISLAND
43,HOMA BAY,251,MBITA,1254,KASGUNGA
43,HOMA BAY,251,MBITA,1255,GEMBE
43,HOMA BAY,251,MBITA,1256,LAMBWE
43,HOMA BAY,252,SUBA,1257,GWASSI SOUTH
43,HOMA BAY,252,SUBA,1258,GWASSI NORTH
43,HOMA BAY,252,SUBA,1259,KAKSINGRI WEST
43,HOMA BAY,252,SUBA,1260,RUMA KAKSINGRI EAST
44,MIGORI,253,RONGO,1261,NORTH KAMAGAMBO
44,MIGORI,253,RONGO,1262,CENTRAL KAMAGAMBO
44,MIGORI,253,RONGO,1263,EAST KAMAGAMBO
44,MIGORI,253,RONGO,1264,SOUTH KAMAGAMBO
44,MIGORI,254,AWENDO,1265,NORTH SAKWA
44,MIGORI,254,AWENDO,1266,SOUTH SAKWA
44,MIGORI,254,AWENDO,1267,WEST SAKWA
44,MIGORI,254,AWENDO,1268,CENTRAL SAKWA
44,MIGORI,255,SUNA EAST,1269,GOD JOPE
44,MIGORI,255,SUNA EAST,1270,SUNA CENTRAL
44,MIGORI,255,SUNA EAST,1271,KAKRAO
44,MIGORI,255,SUNA EAST,1272,KWA
44,MIGORI,256,SUNA WEST,1273,WIGA
44,MIGORI,256,SUNA WEST,1274,WASWETA II
44,MIGORI,256,SUNA WEST,1275,RAGANA-ORUBA
44,MIGORI,256,SUNA WEST,1276,WASIMBETE
44,MIGORI,257,URIRI,1277,WEST KANYAMKAGO
44,MIGORI,257,URIRI,1278,NORTH KANYAMKAGO
44,MIGORI,257,URIRI,1279,CENTRAL KANYAMKAGO
44,MIGORI,257,URIRI,1280,SOUTH KANYAMKAGO
44,MIGORI,257,URIRI,1281,EAST KANYAMKAGO
44,MIGORI,258,NYATIKE,1282,KACHIEN'G
44,MIGORI,258,NYATIKE,1283,KANYASA
44,MIGORI,258,NYATIKE,1284,NORTH KADEM
44,MIGORI,258,NYATIKE,1285,MACALDER/KANYARWANDA
44,MIGORI,258,NYATIKE,1286,KALER
44,MIGORI,258,NYATIKE,1287,GOT KACHOLA
44,MIGORI,258,NYATIKE,1288,MUHURU
44,MIGORI,259,KURIA WEST,1289,BUKIRA EAST
44,MIGORI,259,KURIA WEST,1290,BUKIRA CENTRL/IKEREGE
44,MIGORI,259,KURIA WEST,1291,ISIBANIA
44,MIGORI,259,KURIA WEST,1292,MAKERERO
44,MIGORI,259,KURIA WEST,1293,MASABA
44,MIGORI,259,KURIA WEST,1294,TAGARE
44,MIGORI,259,KURIA WEST,1295,NYAMOSENSE/KOMOSOKO
44,MIGORI,260,KURIA EAST,1296,GOKEHARAKA/GETAMBWEGA
44,MIGORI,260,KURIA EAST,1297,NTIMARU WEST
44,MIGORI,260,KURIA EAST,1298,NTIMARU EAST
44,MIGORI,260,KURIA EAST,1299,NYABASI EAST
44,MIGORI,260,KURIA EAST,1300,NYABASI WEST
45,KISII,261,BONCHARI,1301,BOMARIBA
45,KISII,261,BONCHARI,1302,BOGIAKUMU
45,KISII,261,BONCHARI,1303,BOMORENDA
45,KISII,261,BONCHARI,1304,RIANA
45,KISII,262,SOUTH MUGIRANGO,1305,TABAKA
45,KISII,262,SOUTH MUGIRANGO,1306,BOIKANG'A
45,KISII,262,SOUTH MUGIRANGO,1307,BOGETENGA
45,KISII,262,SOUTH MUGIRANGO,1308,BORABU / CHITAGO
45,KISII,262,SOUTH MUGIRANGO,1309,MOTICHO
45,KISII,262,SOUTH MUGIRANGO,1310,GETENGA
45,KISII,263,BOMACHOGE BORABU,1311,BOMBABA BORABU
45,KISII,263,BOMACHOGE BORABU,1312,BOOCHI BORABU
45,KISII,263,BOMACHOGE BORABU,1313,BOKIMONGE
45,KISII,263,BOMACHOGE BORABU,1314,MAGENCHE
45,KISII,264,BOBASI,1315,MASIGE WEST
45,KISII,264,BOBASI,1316,MASIGE EAST
45,KISII,264,BOBASI,1317,BOBASI CENTRAL
45,KISII,264,BOBASI,1318,NYACHEKI
45,KISII,264,BOBASI,1319,BOBASI BOGETAORIO
45,KISII,264,BOBASI,1320,BOBASI CHACHE
45,KISII,264,BOBASI,1321,SAMETA/MOKWERERO
45,KISII,264,BOBASI,1322,BOBASI BOITANGARE
45,KISII,265,BOMACHOGE CHACHE,1323,MAJOGE
45,KISII,265,BOMACHOGE CHACHE,1324,BOOCHI/TENDERE
45,KISII,265,BOMACHOGE CHACHE,1325,BOSOTI/SENGERA
45,KISII,266,NYARIBARI MASABA,1326,ICHUNI
45,KISII,266,NYARIBARI MASABA,1327,NYAMASIBI
45,KISII,266,NYARIBARI MASABA,1328,MASIMBA
45,KISII,266,NYARIBARI MASABA,1329,GESUSU
45,KISII,266,NYARIBARI MASABA,1330,KIAMOKAMA
45,KISII,267,NYARIBARI CHACHE,1331,BOBARACHO
45,KISII,267,NYARIBARI CHACHE,1332,KISII CENTRAL
45,KISII,267,NYARIBARI CHACHE,1333,KEUMBU
45,KISII,267,NYARIBARI CHACHE,1334,KIOGORO
45,KISII,267,NYARIBARI CHACHE,1335,BIRONGO
45,KISII,267,NYARIBARI CHACHE,1336,IBENO
45,KISII,268,KITUTU CHACHE NORTH,1337,MONYERERO
45,KISII,268,KITUTU CHACHE NORTH,1338,SENSI
45,KISII,268,KITUTU CHACHE NORTH,1339,MARANI
45,KISII,268,KITUTU CHACHE NORTH,1340,KEGOGI
45,KISII,269,KITUTU CHACHE SOUTH,1341,BOGUSERO
45,KISII,269,KITUTU CHACHE SOUTH,1342,BOGEKA
45,KISII,269,KITUTU CHACHE SOUTH,1343,NYAKOE
45,KISII,269,KITUTU CHACHE SOUTH,1344,KITUTU   CENTRAL
45,KISII,269,KITUTU CHACHE SOUTH,1345,NYATIEKO
46,NYAMIRA,270,KITUTU MASABA,1346,RIGOMA
46,NYAMIRA,270,KITUTU MASABA,1347,GACHUBA
46,NYAMIRA,270,KITUTU MASABA,1348,KEMERA
46,NYAMIRA,270,KITUTU MASABA,1349,MAGOMBO
46,NYAMIRA,270,KITUTU MASABA,1350,MANGA
46,NYAMIRA,270,KITUTU MASABA,1351,GESIMA
46,NYAMIRA,271,WEST MUGIRANGO,1352,NYAMAIYA
46,NYAMIRA,271,WEST MUGIRANGO,1353,BOGICHORA
46,NYAMIRA,271,WEST MUGIRANGO,1354,BOSAMARO
46,NYAMIRA,271,WEST MUGIRANGO,1355,BONYAMATUTA
46,NYAMIRA,271,WEST MUGIRANGO,1356,TOWNSHIP
46,NYAMIRA,272,NORTH MUGIRANGO,1357,ITIBO
46,NYAMIRA,272,NORTH MUGIRANGO,1358,BOMWAGAMO
46,NYAMIRA,272,NORTH MUGIRANGO,1359,BOKEIRA
46,NYAMIRA,272,NORTH MUGIRANGO,1360,MAGWAGWA
46,NYAMIRA,272,NORTH MUGIRANGO,1361,EKERENYO
46,NYAMIRA,273,BORABU,1362,MEKENENE
46,NYAMIRA,273,BORABU,1363,KIABONYORU
46,NYAMIRA,273,BORABU,1364,NYANSIONGO
46,NYAMIRA,273,BORABU,1365,ESISE
47,NAIROBI,274,WESTLANDS,1366,KITISURU
47,NAIROBI,274,WESTLANDS,1367,PARKLANDS/HIGHRIDGE
47,NAIROBI,274,WESTLANDS,1368,KARURA
47,NAIROBI,274,WESTLANDS,1369,KANGEMI
47,NAIROBI,274,WESTLANDS,1370,MOUNTAIN VIEW
47,NAIROBI,275,DAGORETTI NORTH,1371,KILIMANI
47,NAIROBI,275,DAGORETTI NORTH,1372,KAWANGWARE
47,NAIROBI,275,DAGORETTI NORTH,1373,GATINA
47,NAIROBI,275,DAGORETTI NORTH,1374,KILELESHWA
47,NAIROBI,275,DAGORETTI NORTH,1375,KABIRO
47,NAIROBI,276,DAGORETTI SOUTH,1376,MUTUINI
47,NAIROBI,276,DAGORETTI SOUTH,1377,NGANDO
47,NAIROBI,276,DAGORETTI SOUTH,1378,RIRUTA
47,NAIROBI,276,DAGORETTI SOUTH,1379,UTHIRU/RUTHIMITU
47,NAIROBI,276,DAGORETTI SOUTH,1380,WAITHAKA
47,NAIROBI,277,LANGATA,1381,KAREN
47,NAIROBI,277,LANGATA,1382,NAIROBI WEST
47,NAIROBI,277,LANGATA,1383,MUGUMO-INI
47,NAIROBI,277,LANGATA,1384,SOUTH-C
47,NAIROBI,277,LANGATA,1385,NYAYO HIGHRISE
47,NAIROBI,278,KIBRA,1386,LAINI SABA
47,NAIROBI,278,KIBRA,1387,LINDI
47,NAIROBI,278,KIBRA,1388,MAKINA
47,NAIROBI,278,KIBRA,1389,WOODLEY/KENYATTA GOLF
47,NAIROBI,278,KIBRA,1390,SARANGOMBE
47,NAIROBI,279,ROYSAMBU,1391,GITHURAI
47,NAIROBI,279,ROYSAMBU,1392,KAHAWA WEST
47,NAIROBI,279,ROYSAMBU,1393,ZIMMERMAN
47,NAIROBI,279,ROYSAMBU,1394,ROYSAMBU
47,NAIROBI,279,ROYSAMBU,1395,KAHAWA
47,NAIROBI,280,KASARANI,1396,CLAYCITY
47,NAIROBI,280,KASARANI,1397,MWIKI
47,NAIROBI,280,KASARANI,1398,KASARANI
47,NAIROBI,280,KASARANI,1399,NJIRU
47,NAIROBI,280,KASARANI,1400,RUAI
47,NAIROBI,281,RUARAKA,1401,BABA DOGO
47,NAIROBI,281,RUARAKA,1402,UTALII
47,NAIROBI,281,RUARAKA,1403,MATHARE NORTH
47,NAIROBI,281,RUARAKA,1404,LUCKY SUMMER
47,NAIROBI,281,RUARAKA,1405,KOROGOCHO
47,NAIROBI,282,EMBAKASI SOUTH,1406,IMARA DAIMA
47,NAIROBI,282,EMBAKASI SOUTH,1407,KWA NJENGA
47,NAIROBI,282,EMBAKASI SOUTH,1408,KWA REUBEN
47,NAIROBI,282,EMBAKASI SOUTH,1409,PIPELINE
47,NAIROBI,282,EMBAKASI SOUTH,1410,KWARE
47,NAIROBI,283,EMBAKASI NORTH,1411,KARIOBANGI NORTH
47,NAIROBI,283,EMBAKASI NORTH,1412,DANDORA AREA I
47,NAIROBI,283,EMBAKASI NORTH,1413,DANDORA AREA II
47,NAIROBI,283,EMBAKASI NORTH,1414,DANDORA AREA III
47,NAIROBI,283,EMBAKASI NORTH,1415,DANDORA AREA IV
47,NAIROBI,284,EMBAKASI CENTRAL,1416,KAYOLE NORTH
47,NAIROBI,284,EMBAKASI CENTRAL,1417,KAYOLE CENTRAL
47,NAIROBI,284,EMBAKASI CENTRAL,1418,KAYOLE SOUTH
47,NAIROBI,284,EMBAKASI CENTRAL,1419,KOMAROCK
47,NAIROBI,284,EMBAKASI CENTRAL,1420,MATOPENI
47,NAIROBI,285,EMBAKASI EAST,1421,UPPER SAVANNAH
47,NAIROBI,285,EMBAKASI EAST,1422,LOWER SAVANNAH
47,NAIROBI,285,EMBAKASI EAST,1423,EMBAKASI
47,NAIROBI,285,EMBAKASI EAST,1424,UTAWALA
47,NAIROBI,285,EMBAKASI EAST,1425,MIHANGO
47,NAIROBI,286,EMBAKASI WEST,1426,UMOJA I
47,NAIROBI,286,EMBAKASI WEST,1427,UMOJA II
47,NAIROBI,286,EMBAKASI WEST,1428,MOWLEM
47,NAIROBI,286,EMBAKASI WEST,1429,KARIOBANGI SOUTH
47,NAIROBI,287,MAKADARA,1430,MAKONGENI
47,NAIROBI,287,MAKADARA,1431,MARINGO/HAMZA
47,NAIROBI,287,MAKADARA,1432,HARAMBEE
47,NAIROBI,287,MAKADARA,1433,VIWANDANI
47,NAIROBI,288,KAMUKUNJI,1434,PUMWANI
47,NAIROBI,288,KAMUKUNJI,1435,EASTLEIGH NORTH
47,NAIROBI,288,KAMUKUNJI,1436,EASTLEIGH SOUTH
47,NAIROBI,288,KAMUKUNJI,1437,AIRBASE
47,NAIROBI,288,KAMUKUNJI,1438,CALIFORNIA
47,NAIROBI,289,STAREHE,1439,NAIROBI CENTRAL
47,NAIROBI,289,STAREHE,1440,NGARA
47,NAIROBI,289,STAREHE,1441,ZIWANI/KARIOKOR
47,NAIROBI,289,STAREHE,1442,PANGANI
47,NAIROBI,289,STAREHE,1443,LANDIMAWE
47,NAIROBI,289,STAREHE,1444,NAIROBI SOUTH
47,NAIROBI,290,MATHARE,1445,HOSPITAL
47,NAIROBI,290,MATHARE,1446,MABATINI
47,NAIROBI,290,MATHARE,1447,HURUMA
47,NAIROBI,290,MATHARE,1448,NGEI
47,NAIROBI,290,MATHARE,1449,MLANGO KUBWA
47,NAIROBI,290,MATHARE,1450,KIAMAIKO
